column_name,class,n_missing,n_unique,example_values
system:index,character,0,807,00000000000000000062 | 00000000000000000071 | 00000000000000000072 | 00000000000000000074 | 00000000000000000075
Abs_Lat,numeric,1,805,7.33966208329568 | 7.73697604483113 | 8.96538035177207 | 8.51254828859098 | 9.93377703319861
CC_1,numeric,797,10,1 | 7 | 4 | 6 | 3
CC_2,numeric,807,0,NaN
CC_3,numeric,807,0,NaN
CGIAR_Aridity_Index,numeric,2,804,9138.42749418433 | 7689.37023986305 | 6465.72214472662 | 7211.46763870628 | 5539.74459253208
CGIAR_PET,numeric,2,804,1644.40837474363 | 1639.34530082609 | 1752.26288398705 | 1849.47054887436 | 2049.75949027216
CHELSA_BIO_Annual_Mean_Temperature,numeric,1,802,275.019956412562 | 271.025768646231 | 270.759711807198 | 276.066927363722 | 279.125303874807
CHELSA_BIO_Annual_Precipitation,numeric,1,805,1470.95842814418 | 1423.49838609571 | 1192.74782375242 | 1300.52075510568 | 1179.98279183129
CHELSA_BIO_Precipitation_Seasonality,numeric,1,805,85.0455994424678 | 79.2165191815468 | 87.4870382813628 | 92.7030451629836 | 101.298015579276
CHELSA_BIO_Precipitation_of_Coldest_Quarter,numeric,1,805,714.280988048342 | 634.767601467336 | 595.110168297334 | 792.325560215191 | 769.112935541941
CHELSA_BIO_Precipitation_of_Driest_Month,numeric,1,772,2.74041602522679 | 3.57367938962344 | 2.02399932397893 | 1.41194025820101 | 0.25988375402453
CHELSA_BIO_Precipitation_of_Driest_Quarter,numeric,1,795,10.6515222057195 | 12.9484945948474 | 7.18818216231892 | 4.76482574167867 | 1.27294325266108
CHELSA_BIO_Precipitation_of_Warmest_Quarter,numeric,1,801,56.2532875675097 | 94.4532901632506 | 118.853349827362 | 82.2798551350299 | 104.677753617761
CHELSA_BIO_Precipitation_of_Wettest_Month,numeric,1,805,270.773560938065 | 242.582079775314 | 233.149558734262 | 276.810931660048 | 271.416424549019
CHELSA_BIO_Precipitation_of_Wettest_Quarter,numeric,1,805,780.192366594485 | 693.487331308551 | 666.266551063214 | 796.538276206883 | 774.970143835087
CHELSA_BIO_Temperature_Annual_Range,numeric,1,804,141.463745138877 | 142.529315854502 | 169.972021204126 | 152.338432575499 | 177.19877880209
CHELSA_BIO_Temperature_Seasonality,numeric,1,805,1706.78955949807 | 1647.71445062789 | 1674.44782660997 | 1902.19110230305 | 2096.50226944613
CIFOR_TropicalPeatlandExtent,numeric,1,614,0.000538571300407753 | 0.00612694476760414 | 0.00128048225514865 | 0.00047856244109219 | 0.00133085036788989
CNTRYNAME,character,600,14,Nigeria | Sierra Leone | Lao People's Democratic Republic | Ghana | Gambia
CNTRYNAMEE,character,750,3,Cote d'Ivoire | Mozambique | Malawi
CNTRYNAMEF,character,761,2,Côte d'Ivoire | Malawi
CNTRYNAMES,character,764,2,Moçambique | Malawi
CSP_Global_Human_Modification,numeric,1,805,0.522124833946991 | 0.469763326964046 | 0.27439082722012 | 0.535844407070749 | 0.483033460904914
ConsensusLandCoverClass_Barren,numeric,1,731,0.149543274672991 | 0.247141272125337 | 0.110126156026419 | 0.104777348973371 | 0.147735970665774
ConsensusLandCoverClass_Cultivated_and_Managed_Vegetation,numeric,1,800,33.9428343197446 | 20.2373435039979 | 11.1351296050065 | 37.4522708092706 | 47.2356134610906
ConsensusLandCoverClass_Deciduous_Broadleaf_Trees,numeric,1,617,11.1730052888454 | 18.751337751634 | 15.3771457477166 | 6.22729719579836 | 5.49743421749005
ConsensusLandCoverClass_Evergreen_Broadleaf_Trees,numeric,1,502,0.325077983643203 | 0.904510502496025 | 0.11531460879171 | 0.019046083159186 | 0.157482328714819
ConsensusLandCoverClass_Evergreen_Deciduous_Needleleaf_Trees,numeric,1,562,0 | 8.29433312341933e-05 | 0.00030820406715392 | 0.000141941464640793 | 2.63444351954336e-05
ConsensusLandCoverClass_Herbaceous_Vegetation,numeric,1,794,4.25270733714397 | 0.331659248814543 | 0.704302992033474 | 2.02474460255207 | 0.732688745562735
ConsensusLandCoverClass_Mixed_Other_Trees,numeric,1,732,27.9998508734306 | 43.0194802984612 | 52.2279999821988 | 29.0508130733828 | 27.957754929093
ConsensusLandCoverClass_Open_Water,numeric,1,692,0.278903939881507 | 0.642254028008127 | 0.188900761841375 | 0.33040126187456 | 0.265750054629381
ConsensusLandCoverClass_Regularly_Flooded_Vegetation,numeric,1,581,0.00555132941825672 | 0.0478601607962188 | 0.0186059989012711 | 0.00197255004729789 | 0.0134658738500854
ConsensusLandCoverClass_Shrubs,numeric,1,793,21.8094518011783 | 15.606593390764 | 19.8685083643329 | 24.7948519330667 | 17.9002589885768
ConsensusLandCoverClass_Snow_Ice,numeric,1,172,0 | 0.00016970465357653 | 5.99514093826953e-05 | 8.62743942762774e-05 | 0.000149403869376524
ConsensusLandCoverClass_Urban_Builtup,numeric,1,683,0.106502587107164 | 0.225693915641985 | 0.231053677008332 | 0.0243414318383912 | 0.0925463289382879
ConsensusLandCover_Human_Development_Percentage,numeric,1,800,34.0493369068517 | 20.4630374196399 | 11.3661832820148 | 37.476612241109 | 47.3281597900288
CrowtherLab_Tree_Density,numeric,5,758,12580.2627596294 | 19409.8377331351 | 19607.7275642446 | 10631.7519057981 | 9343.06268143648
DHSCC,character,750,3,CI | MZ | MW
DHSREGEN,character,750,57,Abidjan | Bas-Sassandra | Comoe | Denguele | Goh-Djiboua
DHSREGFR,character,761,46,Abidjan | Bas-Sassandra | Comoé | Denguélé | Gôh-Djiboua
DHSREGSP,character,764,43,Cabo Delgado | Gaza | Inhambane | Manica | Maputo Provincia
ENGTYPE_1,character,676,10,Autonomous Sector | Region | Municipality | Province | Department
ENGTYPE_2,character,789,2,Governorate | NaN
ENGTYPE_3,character,434,2,NaN | District
EarthEnvCloudCover_CloudForestPrediction,numeric,1,353,8.78606589321446e-06 | 1.29430074213549e-05 | 6.53230566194866e-06 | 5.26278970448918e-06 | 2.62735190957286e-06
EarthEnvTexture_CoOfVar_EVI,numeric,1,805,383.22352873703 | 405.805888099111 | 328.984734851886 | 371.111106907095 | 388.52343727188
EarthEnvTexture_Contrast_EVI,numeric,1,805,63812.6931343384 | 77597.326221286 | 45208.2711639912 | 57519.2491927352 | 56048.6243811978
EarthEnvTexture_Correlation_EVI,numeric,1,805,1521.64935101831 | 1767.17987382845 | 1774.35888882432 | 1740.24816154411 | 1865.0357913218
EarthEnvTexture_Dissimilarity_EVI,numeric,1,805,18368.0218494704 | 19905.49076584 | 15290.6240951461 | 17042.5921235881 | 17119.4337599063
EarthEnvTexture_Entropy_EVI,numeric,1,805,25365.7142297147 | 25724.7055177188 | 24284.9961788871 | 24856.8662120085 | 25003.6511992333
EarthEnvTexture_Evenness_EVI,numeric,1,805,9116.92076755226 | 9157.78474608878 | 9023.09300460147 | 9076.42403993899 | 9096.19982714344
EarthEnvTexture_Homogeneity_EVI,numeric,1,805,4221.19824120606 | 4050.46015576553 | 4731.4668138818 | 4465.23976042102 | 4421.17060432413
EarthEnvTexture_Maximum_EVI,numeric,1,805,1588.01792481851 | 1520.10522203602 | 1809.20410959704 | 1690.90762797952 | 1659.25418220223
EarthEnvTexture_Range_EVI,numeric,1,805,692.147641138872 | 761.591133650524 | 587.465132691116 | 653.398684725622 | 660.067868848009
EarthEnvTexture_Shannon_Index,numeric,1,805,17096.8458755882 | 17608.0118129454 | 16010.6439459267 | 16629.4766249408 | 16786.5110356794
EarthEnvTexture_Simpson_Index,numeric,1,805,7860.96660087629 | 7962.02054337937 | 7606.49503507752 | 7747.46909504802 | 7786.05019798486
EarthEnvTexture_Std_EVI,numeric,1,805,193.160516601828 | 213.874571102816 | 164.916318221096 | 183.552263144783 | 186.02858164969
EarthEnvTexture_Uniformity_EVI,numeric,1,805,947.278434599758 | 907.808150865748 | 1087.6775857773 | 1012.81749678299 | 994.353158773476
EarthEnvTexture_Variance_EVI,numeric,1,805,40380.9168053393 | 51339.4904065446 | 30114.2183714555 | 38141.0587717737 | 38141.2943129537
EarthEnvTopoMed_1stOrderPartialDerivEW,numeric,1,805,-2.52552126720452e-05 | 0.000415904187493839 | 0.00115511263409923 | 0.000357620313850746 | -0.000774338033338244
EarthEnvTopoMed_1stOrderPartialDerivNS,numeric,1,805,0.000317535598683495 | 0.00112251859967269 | 0.00171436864227987 | -0.00363665809049091 | -0.00115441836463957
EarthEnvTopoMed_Eastness,numeric,1,805,0.00135676821941721 | 0.00446220310927338 | 0.037088278887918 | 0.0080418784264155 | -0.0208285635386207
EarthEnvTopoMed_Elevation,numeric,1,804,156.375798636463 | 231.956826544003 | 300.230321158145 | 230.030972096853 | 253.677534044217
EarthEnvTopoMed_Roughness,numeric,1,805,16.0798201820151 | 26.7114860366528 | 16.6977197667847 | 19.2970683765087 | 14.6579509409006
EarthEnvTopoMed_Slope,numeric,1,805,1.38812214706399 | 2.25899496340414 | 1.48616188647198 | 1.64444463698033 | 1.25797855157553
EarthEnvTopoMed_TerrainRuggednessIndex,numeric,1,805,5.11733091408643 | 8.33479357594606 | 5.25537299174173 | 6.08388281675219 | 4.60095152867442
EarthEnvTopoMed_TopoPositionIndex,numeric,1,805,-0.105049239894977 | -0.476882704712331 | -0.074949859988716 | -0.220545439579269 | -0.15880687224535
EsaCci_BurntAreasProbability,numeric,9,667,2.96040652775511 | 1.50718828852299 | 1.67187278412814 | 1.41640595415915 | 2.1593488039506
FIPS,character,750,3,IV | MZ | MI
FanEtAl_Depth_to_Water_Table_AnnualMean,numeric,9,793,13.021861266115 | 19.4263610251628 | 26.1463526378696 | 18.724078774345 | 19.0063137522583
FanEtAl_Depth_to_Water_Table_AnnualSD,numeric,9,794,0.661135392459333 | 0.634037127621936 | 0.289425895125129 | 0.427308284271146 | 0.354869219707801
GEC,character,600,14,NI | SL | LA | GH | GA
GEOCODE,numeric,611,43,1 | 2 | 3 | 4 | 5
GEOCODES,numeric,696,71,7 | 22 | 23 | 25 | 26
GEOCODET,logical,807,0,
GEONAME,character,610,109,North Central | North East | North West | South East | South South
GEONAMES,character,696,111,Benue | Kogi | Kwara | Nasarawa | Niger
GEONAMET,logical,807,0,
GEONOTES,character,803,4,Racha-Lechkhumi and Kvemo Svaneti were combined with the neighboring region Imereti. | Not surveyed | Excludes metropolitan area of San Pedro Sula | Excludes metropolitan area of Distrito Central
GEOVAR,character,611,4,Zone | HH7 | hh7r | hh7
GEOVARS,character,696,3,HH7 | HH7A | DISTRICT
GEOVART,logical,807,0,
GEO_ID,numeric,601,206,288001007000 | 288001022000 | 288001023000 | 288001025000 | 288001026000
GHS_Population_Density,numeric,1,805,10.3195156883357 | 8.70827138683247 | 5.54361027950533 | 5.29485433834226 | 4.50793366912276
GID_0,character,511,14,PSE | NaN | PAK | GNB | TCD
GID_1,character,511,141,PSE.1_1 | PSE.2_1 | NaN | PAK.1_1 | PAK.2_1
GID_1s,numeric,807,0,NaN
GID_2,character,432,49,PSE.1.1_1 | PSE.1.2_1 | PSE.1.3_1 | PSE.1.4_1 | PSE.1.5_1
GID_2s,character,805,2,BGD.3.5_1|BGD.3.13_1|BGD.3.16_1 | TGO.3.1_1
GID_3,character,434,142,NaN | PAK.1.1.1_1 | PAK.1.1.2_1 | PAK.1.1.3_1 | PAK.1.1.4_1
GLW3_RuminantsDistribution_downsampled10km,numeric,16,787,10209.4100870533 | 8101.14613057588 | 6043.39424041791 | 9834.16055379715 | 2193.366467711
GPWv4_Population_Density,numeric,1,805,192.925897767628 | 159.985306839992 | 96.8052631388914 | 103.978021221992 | 85.0540527701615
GiriEtAl_MangrovesExtent,numeric,1,120,0 | 0.0272153157028852 | 0.218781743043556 | 0.0113863072347284 | 0.107654031414806
HASC_1,character,676,131,GW.BS | GW.BA | GW.BM | GW.BL | GW.CA
HASC_2,character,789,17,PS.GZ.DB | PS.GZ.GZ | PS.GZ.GS | PS.GZ.KY | PS.GZ.RA
HASC_3,numeric,807,0,NaN
HH7,character,431,375,Deir Al-Balah | Gaza | Gaza ash Shamaliyah | Khan Yunis | Rafah
IPUMS,numeric,604,13,566 | 694 | 418 | 288 | 270
ISO,character,550,16,NGA | SLE | LAO | GHA | GMB
LEVELCO,character,546,4,Admin 1 | Admin 2 | Group of Admin 1 | Admin1
LEVELNA,character,544,12,State | Federal Capital Territory | District | Province | Region
LEVRANK,numeric,600,2,3 | 2
MICSC,numeric,600,14,566 | 694 | 418 | 288 | 270
MICSGEO,character,600,203,Benue | Kogi | Kwara | Nasarawa | Niger
MODIS_EVI,numeric,1,805,3288.76175382391 | 3614.94942804824 | 3300.36984145643 | 3230.80250939964 | 2909.17778597258
MODIS_NDVI,numeric,1,805,5011.11996981989 | 5581.16846104885 | 5084.03897803474 | 4865.61787022315 | 4329.6895652654
MODIS_NPP,numeric,3,803,4771.66626850702 | 5205.52364729997 | 4756.36095390248 | 4649.78712350727 | 3715.38782740676
MULTLEVEL,character,543,4,Yes | No | no | yes
NAME_0,character,431,25,Palestina | Kiribati | Pakistan | Guinea-Bissau | Chad
NAME_1,character,431,226,Gaza | West Bank | NORTHERN GILBERT | SOUTH TARAWA | CENTRAL GILBERT
NAME_1s,numeric,807,0,NaN
NAME_2,character,432,50,Deir Al-Balah | Gaza | Gaza ash Shamaliyah | Khan Yunis | Rafah
NAME_2s,character,805,2,Jamalpur|Netrakona|Sherpur | Golfe (incl Lomé)
NAME_3,character,434,143,NaN | Bagh | Bhimber | Kotli | Mirpur
NL_NAME_1,numeric,807,0,NaN
NL_NAME_2,numeric,807,0,NaN
NL_NAME_3,numeric,807,0,NaN
OTHREGNA,character,750,4,NULL | Central Region | Northern Region | Southern Region
OTHREGVAR,character,750,2,NULL | hv024
PelletierEtAl_SoilAndSedimentaryDepositThicknesses,numeric,4,802,7.74134621590544 | 8.31722559900709 | 3.4632889841624 | 7.87844910086928 | 5.87068983260879
REGNAME,character,750,57,Abidjan | Bas Sassandra | Comoe | Denguele | Goh-Djiboua
REGNOTES,character,796,10,Expanded to include a larger area | Previously referred to as the West region | Previously referred to as the North region | Previously referred to as the North Central region | Previously referred to as the Northeast region
REGVAR,character,750,2,hv024 | shdist
REG_ID,character,750,57,CIDHS2021395001 | CIDHS2021395017 | CIDHS2021395022 | CIDHS2021395023 | CIDHS2021395025
REPALLIND,character,750,2,no | yes
SG_Absolute_depth_to_bedrock,numeric,1,805,10869.9886141749 | 11006.8201089204 | 9434.12112851707 | 12689.8798808367 | 12304.5398262917
SG_Bulk_density_015cm,numeric,1,805,1289.93817910685 | 1264.99508362293 | 1260.5372744014 | 1269.35355709307 | 1350.00581518227
SG_Depth_to_bedrock,numeric,1,792,199.779585549155 | 199.936075097692 | 199.992277244021 | 199.819679161922 | 199.99752100561
SG_H2O_Capacity_015cm,numeric,1,805,15.350902507637 | 16.0209229595313 | 14.4787862084672 | 15.0106114880731 | 14.7592161187496
SG_Saturated_H2O_Content_015cm,numeric,1,805,45.2015149463174 | 46.1675732463615 | 46.1405390609158 | 45.877946081201 | 43.4170067272794
SVYID,numeric,543,17,288 | 293 | 294 | 297 | 300
SVYNOTES,character,543,17,"Survey is representative at three levels: national level, 6 geopolitical zones as groups of admin 1 areas, and 36 states and FCT Abuja as admin 1 areas | Survey is representative at three levels: national level, 4 regions as admin 1, and 14 districts as admin 2 areas. | Survey is representative at three levels: national level, and 3 regions as group of admin 1 areas, and 18 provinces as admin 1 areas. | Survey is representative at two levels: national level, and 10 administrative regions as admin 1 areas. | Survey is representative at two levels: national level and eight Local Government Areas (LGAs) as admin 1 areas."
SVYROUND,numeric,600,2,5 | 6
SVYSUBN,character,600,1,Yes
SVYTYPE,character,543,2,MICS | DHS
SVYYEARE,numeric,600,6,2017 | 2018 | 2019 | 2020 | 2021
SVYYEARS,numeric,600,5,2016 | 2017 | 2018 | 2019 | 2021
Svy_Map,character,750,1,yes
TYPE_1,character,676,13,Sector Autónomo | Região | Région | Concelho | Province
TYPE_2,character,789,2,Governorate | NaN
TYPE_3,character,434,2,NaN | District
TootchiEtAl_WetlandsRegularlyFlooded,numeric,9,795,0.0283984626589279 | 0.0681789256104932 | 0.0276188241263901 | 0.0517620529847584 | 0.0484969838530282
UN,numeric,607,13,566 | 694 | 418 | 288 | 270
UNICEFREG,character,600,5,WCA | EAP | ESA | ECA | LAC
VARNAME_1,character,779,28,Bolama-Bijagcs | Buba | Borkou | Guera|Baguirmi | Logone-Occidental
VARNAME_2,character,803,3,North Gaza | Nabulus | NaN
VARNAME_3,character,557,17,NaN | Nasir Abad | North Waziristan | South Waziristan | D.I.Khan
WCS_Human_Footprint_2009,numeric,22,784,10.4097042671288 | 8.85336390532821 | 7.83590956796975 | 10.2437394023779 | 11.7024168215891
adm0_name,character,640,2,Pakistan | Nepal
adm0_name1,logical,807,0,
adm0_name2,logical,807,0,
adm0_name3,logical,807,0,
adm0_pcode,character,640,2,PK | NP
adm1_name,character,640,14,Azad Kashmir | Balochistan | Gilgit Baltistan | Islamabad | Khyber Pakhtunkhwa
adm1_name1,logical,807,0,
adm1_name2,logical,807,0,
adm1_name3,logical,807,0,
adm1_pcode,character,640,14,PK1 | PK2 | PK3 | PK4 | PK5
adm2_name,character,647,160,Bagh | Bhimber | Jhelum Valley | Haveli | Kotli
adm2_name1,logical,807,0,
adm2_name2,logical,807,0,
adm2_name3,logical,807,0,
adm2_pcode,character,647,160,PK101 | PK102 | PK103 | PK104 | PK105
adm2_ref_n,character,647,160,Bagh | Bhimber | Jhelum Valley | Haveli | Kotli
admin_leve,character,379,5,Admin 1 | Admin 2 | Group of Admin 1 | 2 | 1
admin_level,character,379,5,Admin 1 | Admin 2 | Group of Admin 1 | 2 | 1
analysis_year,numeric,0,9,2016 | 2017 | 2023 | 2018 | 2019
anl_year,numeric,0,9,2016 | 2017 | 2023 | 2018 | 2019
chirps_annual_precipitation,numeric,2,804,1429.94705155848 | 1354.92001923299 | 1231.43533567092 | 1318.83191434112 | 1181.25535484845
cod_versio,character,640,2,V_01 | V_02
country,character,0,42,Nigeria | Sierra Leone | Lao People's Democratic Republic | Ghana | Gambia
dhs_bounda,character,750,2,sdr_subnational_boundaries.shp | sdr_subnational_boundaries2.shp
era5_temperature_2m,numeric,20,786,300.937569910853 | 300.613881243742 | 300.54682558661 | 301.00263088629 | 301.39513352775
ghsl_built_surface,numeric,0,764,30.8143313885108 | 21.5047755177402 | 28.9383740827505 | 21.0949605958904 | 11.2953843887588
ghsl_population,numeric,0,806,1.82878460193867 | 1.54395111286759 | 0.901988288024529 | 0.921987426603053 | 0.772970562020457
ghsl_urban_frac,numeric,0,776,0.0590648352935597 | 0.0338341525372482 | 0.018379891320667 | 0.020877449885868 | 0.013572842174779
jrc_building_height,numeric,0,792,0.430276154121478 | 0.0980489539793151 | 0.0982448726035773 | 0.0888296479504109 | 0.0648032592419498
lang,character,640,1,en
lang1,logical,807,0,
lang2,logical,807,0,
lang3,logical,807,0,
map_friction,numeric,0,806,0.00983699805149968 | 0.0103936629697984 | 0.00951770128902979 | 0.0130495821024602 | 0.00813358170662573
mics_bound,character,600,14,mics_boundaries_nigeria.shp | mics_boundaries_sierraleone.shp | mics_boundaries_laos.shp | mics_boundaries_ghana.shp | mics_boundaries_gambia.shp
mics_folde,character,600,14,NigeriaMICS2016-17Boundaries_1 | SierraLeoneMICS2017Boundaries_1 | LaoPeople_sDemocraticRepublicMICS2017Boundaries_1 | GhanaMICS2017-18Boundaries | GambiaMICS2018Boundaries_2
modis_evi,numeric,1,805,2951.78635353048 | 3394.53944717908 | 3176.01980395095 | 3024.53707936183 | 2772.03404173309
modis_ndvi,numeric,1,805,4609.66015357288 | 5318.88584283841 | 4977.46158627801 | 4700.33899730187 | 4235.2622938141
runoff_max_annualmax,numeric,20,786,0.0100863462306946 | 0.00523718405204582 | 0.0112232710634965 | 0.00817103471299661 | 0.00756327542064482
runoff_min_annualmin,numeric,20,778,2.16246438522923e-06 | 2.22470935516104e-06 | 1.42337702897313e-06 | 1.42311530495555e-06 | 6.7712888010303e-07
source,character,0,4,MICS | other | GADM | DHS
temperature_2m_max_annualmax,numeric,20,786,312.922304573101 | 312.342361910907 | 313.093707300161 | 313.181234924961 | 314.0220495633
viirs_average,numeric,0,806,0.0510538977003181 | 0.0428545839325878 | 0.0303993446441932 | 0.0375924712824142 | 0.0546260845249515
worldpop,numeric,2,804,3.39233518720074 | 9.47671765453975 | 4.01564089796945 | 5.05284250261256 | 3.25940045965063
wq_key,character,0,44,Nigeria_2016_MICS | Sierra Leone_2017_MICS | Lao People's Democratic Republic_2023_MICS | Ghana_2017_MICS | Gambia_2018_MICS
.geo,character,0,806,"{""type"":""Polygon"",""coordinates"":[[[7.538270855133246,7.020159029261002],[7.542208285587193,7.008342359072406],[7.545360804691578,7.0012523633682795],[7.549298225053167,6.991009824080691],[7.552450818892761,6.984709137356507],[7.556406002325385,6.978774053537458],[7.557177457208381,6.977619195593401],[7.558880855365557,6.9715681608594995],[7.564267440228025,6.952411857313624],[7.571357403836055,6.939806006559917],[7.577658125272936,6.93271602130989],[7.599717301745798,6.924841280603989],[7.620197931972967,6.9193253342063405],[7.635951934718452,6.9035713029602315],[7.641360794716114,6.894002064783943],[7.650354804268729,6.889395849118489],[7.6575383941720006,6.879755280184351],[7.6626083951722554,6.872629659194658],[7.672467464744792,6.857107472776832],[7.674554348907865,6.855515577318469],[7.692279305463859,6.851823499454656],[7.720242297969545,6.862605554134451],[7.734422233050934,6.863394808472088],[7.7501762308436435,6.878364039964966],[7.762782130156288,6.87993809068814],[7.776003358088869,6.87590704059672],[7.785233738601531,6.87296853922168],[7.788123186550125,6.875586047865375],[7.792729478334012,6.881485433042357],[7.7969209791676075,6.886122830693499],[7.800697864116867,6.888236495793045],[7.809103296564874,6.889525155603737],[7.817094019193932,6.889971053398896],[7.8267612854407425,6.891683335380042],[7.832232628839918,6.890439317937293],[7.8638030735743705,6.880031756773447],[7.864119666621967,6.879434237716802],[7.874643179890487,6.868910745684937],[7.876217182142566,6.863394838084621],[7.882598168188411,6.8582936586411964],[7.8951728766321985,6.86325658842632],[7.896657701418127,6.863929940471886],[7.895832758029381,6.857433037454251],[7.894156152880093,6.855747434361807],[7.8907940070149,6.854057491777011],[7.888145318729232,6.853459923864201],[7.890397141880964,6.843698952366074],[7.888823075886945,6.821644269766968],[7.886459757942681,6.805100993506592],[7.886459757942681,6.79407365569104],[7.887641407131856,6.789346963808907],[7.890004764206543,6.785405116548228],[7.900242839458738,6.786194434871616],[7.903395414162902,6.781467729048189],[7.89473138083909,6.7743778220602975],[7.888426221711408,6.7665030544404585],[7.878188097209446,6.760197835515791],[7.8671607917977076,6.751533835238825],[7.855344175528468,6.742869762944507],[7.845101590484984,6.721599869566821],[7.841164219494415,6.714509902026189],[7.830132359234148,6.689302603068468],[7.821468356242676,6.674333366609747],[7.8151676937524925,6.659368668418735],[7.810441050085527,6.649915371256882],[7.804925095074367,6.64046208666544],[7.80714126502788,6.6338179887841475],[7.808287249449146,6.634214911580516],[7.821776047823128,6.638923655966079],[7.831764467580189,6.638468856398863],[7.8335837656831435,6.62620636552274],[7.8335837656831435,6.619397290344518],[7.836763105347899,6.614857914901744],[7.844026978252561,6.608499251783164],[7.846751474771735,6.60441020923257],[7.852655296080991,6.588063200135434],[7.855834658552972,6.580799326127948],[7.869002418702154,6.568991573682769],[7.871887389434413,6.566681754007123],[7.878085534870126,6.561727755582863],[7.887164326478902,6.552644549336766],[7.890250041530562,6.551476268707026],[7.896738028204213,6.55149406150093],[7.904541454272189,6.551520863866047],[7.910926883124604,6.550829652502103],[7.929405366761478,6.5374033604126796],[7.932357270498757,6.5317625995724695],[7.949377696145999,6.532212916378526],[7.956641558989133,6.540386502563603],[7.962545402159373,6.5440162046627925],[7.966629905120239,6.557638748879019],[7.970718964237322,6.568536782650982],[7.97155275307139,6.570587952530596],[7.968302137213169,6.5765363750355545],[7.965421508622901,6.591429804368951],[7.971066714623054,6.602087043566111],[7.979556852677606,6.6092037494550295],[7.987458375235716,6.6131812685532125],[7.98843051055466,6.6180327578827285],[7.987065964988149,6.633474660544037],[7.987489648378403,6.647824041752098],[7.982245681539493,6.663845640950202],[7.98294129545358,6.668104046549765],[7.986151901933522,6.672407107541164],[7.98843051055466,6.687964904468871],[7.994784729494039,6.703857109206951],[8.000559267750802,6.712119800208449],[8.000554775579486,6.712851156694112],[8.006222288221833,6.716413926190778],[8.014725806768087,6.720690186908907],[8.021815777844429,6.723548521075148],[8.028914683906812,6.721439319727132],[8.038198504867577,6.711914679937779],[8.050866818320685,6.7093061328958825],[8.06539900225943,6.7115758434573864],[8.075387420775582,6.713849921754427],[8.079565587922984,6.71314984690863],[8.089009987728097,6.711575842545452],[8.095368632016067,6.707946075895077],[8.098547996159896,6.707036464607921],[8.103997003859705,6.712030684937448],[8.112170572463391,6.7093061702905334],[8.127607946274434,6.7115758589072145],[8.136236304912464,6.716119629255147],[8.144409822468791,6.725202800117126],[8.145319464606896,6.734736390900638],[8.147134364978562,6.742909923825171],[8.149060677701906,6.747088111327557],[8.152583338099637,6.754717628214867],[8.160302057504834,6.761076332553829],[8.163931813841911,6.765031554348855],[8.170112135201737,6.763502076593348],[8.180965543057313,6.763524335432166],[8.185299800527831,6.766788431381769],[8.193691830343012,6.778328556483473],[8.1993548955076,6.778328599330166],[8.212977419562884,6.776058866083494],[8.220241329077684,6.778783399911901],[8.226145181850447,6.789681443649459],[8.229324478514409,6.800124652199228],[8.234318719230894,6.799219416719253],[8.240677404999376,6.792405928358535],[8.241306134246193,6.791224260423802],[8.24431155588554,6.785596908873123],[8.24976057240534,6.775604039013959],[8.24976057240534,6.771064656288857],[8.24976057240534,6.769191862767402],[8.24944846654227,6.768473965800496],[8.255659947282787,6.766070461911066],[8.261108967748966,6.755172424681805],[8.266107617255052,6.7415499005929425],[8.26247347730291,6.737915719156965],[8.256114747401284,6.7374609130545515],[8.251575386918333,6.735646081714571],[8.261108967748966,6.731102261975286],[8.268832170710354,6.727927309794159],[8.273826333149184,6.7165744646417656],[8.273826333149184,6.712940307242511],[8.280185002054697,6.715210005480909],[8.285633995201868,6.710215759403996],[8.280185002054697,6.704766804470315],[8.278820499230513,6.6979532974635045],[8.28381475229199,6.69250427530325],[8.294516558475097,6.678707823516887],[8.299399273738247,6.679911725879039],[8.303952014857568,6.678730088545436],[8.307367652390669,6.677557363907866],[8.31307086828359,6.677517175302279],[8.31764149366664,6.67863644737251],[8.321066033875686,6.678614172734095],[8.325636650612568,6.679728910441023],[8.330211643490067,6.680848135122785],[8.335932661368492,6.683104432067393],[8.340503274033368,6.684219266050919],[8.34508277664353,6.686484481783433],[8.348516272274752,6.687608184007376],[8.354237278249201,6.689864484617745],[8.357675292604435,6.6921386233936255],[8.361104353498622,6.693262254362463],[8.366843215408295,6.697815072488641],[8.370294520444695,6.701235143770357],[8.37259991070208,6.704664204079019],[8.374896341926549,6.706942823891541],[8.377215085985304,6.711522339567422],[8.379529303081782,6.716097349907273],[8.381830212459372,6.718375931160463],[8.38300293758136,6.722959885720227],[8.386467702082367,6.7286809028628225],[8.38763598415231,6.7321144347906525],[8.391100712861641,6.7378310109356825],[8.393414942481101,6.742406021456927],[8.3980033859394,6.745821751246625],[8.402591776663803,6.749232937366241],[8.408321701046967,6.752639701480557],[8.41061371010793,6.753772312568091],[8.415184302464352,6.754887076949882],[8.41976379148986,6.757152329508585],[8.424329922558057,6.757121079021688],[8.427758950022486,6.758244785546163],[8.43232506650614,6.7582135275621384],[8.435745171177004,6.758191245787903],[8.440302401250259,6.757009572605382],[8.44370914447347,6.754690857545814],[8.448244093077573,6.751212741772957],[8.450500412661443,6.747756954681713],[8.453924945369282,6.747730180403092],[8.458477671291977,6.746553045875821],[8.460760750853886,6.746535193266484],[8.46418089600613,6.746512880694531],[8.468747052471624,6.746481640671322],[8.472176100763049,6.747605373134269],[8.47674667797517,6.748724601173866],[8.4801890693943,6.75099426084134],[8.48818865527488,6.753237208252184],[8.496183898395191,6.754329712211146],[8.503055371646887,6.757727505573763],[8.50876741899776,6.758833347960034],[8.515621106246904,6.759934746851],[8.52360736057195,6.759881231885074],[8.530452088625765,6.759832226986908],[8.53501815459444,6.759801015610347],[8.544132592947692,6.758592566382252],[8.550986218337457,6.7596940094991345],[8.557848761848,6.76194139022279],[8.563560841813793,6.763051705623161],[8.570414547620029,6.76415306506521],[8.578409685220372,6.765245575134195],[8.58756422326989,6.768625541112974],[8.594426804353176,6.770872938814123],[8.601293778695384,6.774270771156586],[8.607005939131,6.775381065314124],[8.612731361552372,6.777637391302342],[8.616160396181378,6.7787610608581765],[8.62073992465608,6.781026344538734],[8.62304082359114,6.783304880803169],[8.625337261762207,6.785587992535653],[8.628784146072057,6.789008093824533],[8.631085035991799,6.791286708819859],[8.63224444232668,6.793574233853044],[8.636841717601925,6.798135922656962],[8.64031538502629,6.805002882794858],[8.640346599160338,6.809595811876342],[8.640373366129534,6.813038174164114],[8.64155498193511,6.81876811259077],[8.639303198125994,6.822228395847783],[8.637046865916684,6.825688647654384],[8.63363115537069,6.826861405539851],[8.63023338401791,6.830330584350577],[8.62568063445557,6.83150777049835],[8.622273905490557,6.8338264941782825],[8.619999705636074,6.8349903674303505],[8.615460400916454,6.838468437777136],[8.610925476543297,6.841942109687719],[8.607527626636374,6.845411261739748],[8.604120870480047,6.847729990756704],[8.601855683026278,6.8500442433739135],[8.600740852110514,6.85349559564292],[8.600758715442614,6.855792093003161],[8.606488616529907,6.859194383821292],[8.608954569255733,6.859626896757851],[8.619054393315249,6.861406105688267],[8.623629397778195,6.86252083729287],[8.62933266186239,6.862485193768423],[8.636177359685071,6.862436126539659],[8.645309556983579,6.863519663752284],[8.651026189663291,6.864629999345538],[8.654446286760514,6.864603235681247],[8.65673829815135,6.865735880172957],[8.661308846052378,6.866855113502513],[8.664742329016187,6.8679787491840285],[8.669321832967027,6.870244043464482],[8.675060743114653,6.874796753536607],[8.67735714951767,6.8770753704387495],[8.680795129901972,6.879349512378567],[8.686533975734925,6.883902237793226],[8.689976397844408,6.886176368141391],[8.69342325673898,6.889596536276565],[8.696852300663082,6.8907202266403065],[8.701440776840613,6.89413142414893],[8.703741668055969,6.8964144814156265],[8.707161766738238,6.896387714729199],[8.71514804831922,6.896334236182107],[8.720855694929188,6.896294089832064],[8.72769143459971,6.895099017026642],[8.7333857296565,6.893912886800493],[8.741363054182765,6.8927089874161815],[8.748207756079083,6.892664334878213],[8.753906508108074,6.8914737891011395],[8.75960971484874,6.891438095570336],[8.765304013785595,6.890247560908796],[8.769861184001142,6.889070365427222],[8.776696980808456,6.887875272722123],[8.78124078410708,6.885547633539918],[8.785789141719468,6.883219998903228],[8.790350797891948,6.883188749156605],[8.798319208107127,6.880834363703901],[8.80287638883614,6.879657203756292],[8.807429128339892,6.8784799651257655],[8.811986339912407,6.877298271691894],[8.817680623599712,6.876112220116386],[8.822228848914671,6.87378454298219],[8.830197253636262,6.871430138708916],[8.833608484598225,6.870261865495381],[8.839307213587729,6.8690712942347165],[8.84385106780417,6.866743607779543],[8.84840822836691,6.865566450608496],[8.851810581859569,6.863247672863105],[8.856358868261644,6.860920041134505],[8.859774527827248,6.859747304914203],[8.864309393868384,6.856273681507556],[8.86771614459587,6.853950423884726],[8.869999260839215,6.853937115177905],[8.87453413230562,6.850458992800517],[8.879091319511637,6.849281765859742],[8.887032966342145,6.843484982120088],[8.891581286089835,6.841157312558181],[8.897257734078973,6.83767472143805],[8.902947560037992,6.8353381285090515],[8.908632916103702,6.833006066241856],[8.913181144570101,6.830678392278819],[8.918857559333503,6.827191406232245],[8.923405876113629,6.824863717098725],[8.926808212149865,6.822544972434101],[8.929425649649442,6.820409069073553],[8.932480139000212,6.817916462319092],[8.934745352182725,6.815602167421773],[8.939708346588313,6.813220999552294],[8.942985791295913,6.810496554529989],[8.943828592119155,6.809800894564969],[8.947235351736966,6.8074776810140545],[8.951770233105469,6.8040040663324355],[8.957451124518348,6.800521482790581],[8.960848953533443,6.797052313262302],[8.964251226573126,6.794733598770856],[8.968799560367646,6.792405949766699],[8.972206306236025,6.790087182228117],[8.974475950865802,6.788923361336347],[8.97674119438406,6.786609081333327],[8.977303048903739,6.786038350875518],[8.99493873688878,6.776638531956674],[9.002773411816154,6.768019081635372],[9.007473274677148,6.76174962382286],[9.007473274677148,6.757834496124124],[9.001208286096514,6.753134628638992],[8.9914205050817,6.746610955742651],[8.99010956363835,6.742892076294331],[8.987790836095575,6.738317072274193],[8.986627030820081,6.734879054239502],[8.984312704026488,6.730299596371669],[8.98198512903331,6.724578565000854],[8.98083017436083,6.722291045163039],[8.977365496158637,6.716574448134547],[8.977347630002383,6.714278009775907],[8.975046722047285,6.711995006233181],[8.973891784790709,6.70970744383502],[8.972732482459554,6.7074199472658895],[8.970427074624736,6.703990917885973],[8.969258806867582,6.700552934878777],[8.968090556444151,6.697119394396671],[8.969209764269568,6.693668044073611],[8.970333454144718,6.69136267406688],[8.972612061613908,6.691344859889328],[8.976036669704552,6.691322557453701],[8.97832420678572,6.692455173215195],[8.980607259269648,6.69244183515947],[8.985177776750577,6.693556624774489],[8.987451924922015,6.692392795908332],[8.98973498885904,6.692374893213067],[8.992018034580035,6.692361581749086],[8.997649902831558,6.683135678189281],[9.004445549316682,6.676201795696028],[9.011241274570498,6.669267828871871],[9.018032440714402,6.662333944115118],[9.022545086933933,6.655413475984005],[9.027075530604467,6.650789356305414],[9.035035002616707,6.647288987045197],[9.047560627331306,6.643757383105557],[9.058958118250683,6.642531129475303],[9.070368888928634,6.642455281478552],[9.077235916630526,6.645848692642133],[9.082965910815297,6.649255399275941],[9.08552987591901,6.651645484703081],[9.087375917795383,6.651275400679018],[9.10069527033062,6.6544056825913325],[9.11166022393236,6.659885913591275],[9.11582057982383,6.666534469156836],[9.1173276881001,6.667386103915461],[9.123075509060797,6.673089331380525],[9.12905965626449,6.675519547865927],[9.136024712365451,6.680005384628839],[9.13668911209085,6.67990283046491],[9.139226345651124,6.680139134143903],[9.142642018409164,6.68061632005728],[9.143912915249636,6.680772376358287],[9.144862659693516,6.681088919356365],[9.14669090302201,6.681962889321557],[9.149402012723797,6.684388713996061],[9.153963667616383,6.684357495492844],[9.158525328853,6.684326233559086],[9.165387947671496,6.686573604415821],[9.167670971595353,6.68656029102745],[9.168197176177538,6.686729682814598],[9.171104499696506,6.687683956853904],[9.175675077586153,6.688798698595712],[9.184834081821158,6.693329170848789],[9.192829251162236,6.69442166482237],[9.1997007178473,6.6978195178984095],[9.208859670195,6.702349939416767],[9.215731153015444,6.705747794890139],[9.228305834341455,6.7091054470234],[9.238597458926177,6.712476549141104],[9.247743072326799,6.7147105842547745],[9.255756068980807,6.718099460812784],[9.266029790979093,6.719178622809159],[9.270591458674813,6.7191428903441945],[9.279719286779754,6.719084930248851],[9.285431342362736,6.720190791133367],[9.291147945857006,6.721301084393401],[9.295700704408384,6.72011944278696],[9.300262348983201,6.720088256405879],[9.303669111487777,6.7177695035100315],[9.307057992280551,6.713154373364571],[9.309296450573648,6.707397650317581],[9.31380909632116,6.700477156034013],[9.318321738533117,6.693561075893807],[9.325099508199017,6.684326213170613],[9.334147033943877,6.673932065471256],[9.343207924532088,6.664683915501345],[9.347702722601541,6.655466911290995],[9.352215294773075,6.648550857696747],[9.357878418599215,6.642771892638391],[9.361249485858124,6.63585584015594],[9.36804064709123,6.628921958981972],[9.372580003890617,6.625448263354788],[9.377119443221495,6.621970200433582],[9.381654306493123,6.618496559920168],[9.38617586827534,6.612721968311471],[9.391852271577411,6.609239430061235],[9.396391678068655,6.605765811922885],[9.402063620935184,6.601132797867127],[9.405443624922555,6.595371685388549],[9.409969633971901,6.590747547478063],[9.41336741844492,6.587278357498748],[9.416756361503982,6.582663196655937],[9.420136377263962,6.576897598353615],[9.422392679567382,6.573437327184328],[9.424648959068966,6.569977033953492],[9.42802896043893,6.564215903864902],[9.432541551687374,6.557295413178352],[9.438195733943648,6.550365960949234],[9.441593583244218,6.5469012390757255],[9.446119548440276,6.542277112972589],[9.449517385591442,6.538807932998722],[9.454065657874073,6.536480329617838],[9.458600531679663,6.533006692209],[9.462007276760138,6.530687887902837],[9.465414077732303,6.52836918423675],[9.468825258816084,6.527196485028458],[9.471090526440088,6.524882142812471],[9.472205292235833,6.521430809118692],[9.473320073079458,6.5179795213722285],[9.473297772227477,6.514537044711375],[9.47441256781678,6.511081258439268],[9.47436347138336,6.504196390682281],[9.474327772613307,6.499603497703723],[9.473150569796639,6.495019568768759],[9.471977877774181,6.490435620033254],[9.470818514677362,6.488143602152303],[9.467286852281433,6.47324580422037],[9.467233351115015,6.466356459225911],[9.466033865763888,6.458330100904985],[9.465628077889077,6.455610070016183],[9.467554443421854,6.450861135742784],[9.491450791425004,6.445915925398923],[9.54336361422942,6.44344563716389],[9.574670987291062,6.4665170042277165],[9.586206669978885,6.474757410396878],[9.587856562191028,6.4945335570166725],[9.5886814780651,6.508539606724887],[9.59912469173516,6.530924274444034],[9.602522513968601,6.538201494336823],[9.60647769856498,6.571818664860744],[9.622298607409876,6.664104268749349],[9.63614409879523,6.712886763595909],[9.646029963641237,6.7385934813128285],[9.648665269215115,6.799237250065702],[9.643394655789296,6.8434046707475105],[9.641414766835034,6.866476098772153],[9.64570002519692,6.894818145985872],[9.664156221371487,6.935690254001011],[9.68920741092505,6.986448152749911],[9.699753176023236,7.0114949570758585],[9.731564401899863,7.0668903873457385],[9.734908799448194,7.068553649374332],[9.751193433107185,7.066350827671457],[9.766398909529531,7.066319591744125],[9.771834545829664,7.0695613998554485],[9.797947085303777,7.091205856375381],[9.815359891376648,7.106353403569311],[9.819707517626659,7.108516057849672],[9.819716372661848,7.112854780344957],[9.819734253024151,7.120448607675432],[9.821937057145929,7.133460263553438],[9.82305180614986,7.1464764092568265],[9.823100851352958,7.168174367123233],[9.82280206773112,7.170956905991496],[9.824010491706735,7.172334761085872],[9.834556316684504,7.199361362976745],[9.835216219077148,7.217162093962407],[9.82862125615403,7.2362782199268345],[9.82559350869132,7.251421336865123],[9.82496033243886,7.254596199485477],[9.828291287187438,7.257369785629436],[9.840816865430977,7.2797812047861],[9.855977851984377,7.325268502354994],[9.85615613529205,7.325981946718467],[9.862599541114292,7.3340663302970395],[9.868048630638743,7.340563224760784],[9.866991822347355,7.353583834163723],[9.873568950945595,7.3763519991249265],[9.880146157292119,7.399115666989589],[9.88722269472913,7.420144797964985],[9.890772174624074,7.425428820056014],[9.89284565538736,7.43030714346915],[9.894789823339,7.4369824148100125],[9.901313512024368,7.471152485617059],[9.907047938198467,7.496841332980514],[9.908858269865155,7.499663943239435],[9.911181499322348,7.5017151274327185],[9.921236792051001,7.506575540145256],[9.925111705049128,7.5104192775838445],[9.925374784318501,7.511962143891459],[9.924737121108866,7.514535048858512],[9.912679779863554,7.534355736048728],[9.911150303178696,7.542328599783723],[9.905545153158211,7.567014249112616],[9.904528538034958,7.572414222910249],[9.906651016984307,7.59631501817313],[9.90538466558364,7.606343472348167],[9.905206280117405,7.6076500400692995],[9.907877327896024,7.624697192832243],[9.912260585994991,7.637704386300316],[9.911979647121456,7.638132455127542],[9.905759250696077,7.647483188134305],[9.905215229212263,7.647487628033736],[9.880253174398424,7.670327110464327],[9.86397294075899,7.685554991689668],[9.863544869102988,7.686014279773766],[9.844968277418202,7.70078724931187],[9.798245867046706,7.726926511296016],[9.78630435111983,7.738885775730089],[9.76351385266722,7.766055141017157],[9.729834287895828,7.791075098357838],[9.658114097775035,7.845453875345314],[9.624421182886977,7.8715485203565425],[9.583094201551857,7.892225401958609],[9.570042406408302,7.898757931195841],[9.551537188703135,7.897701189820724],[9.541736073392117,7.894459416979713],[9.503637496071294,7.893429321898065],[9.487303807549235,7.889112907016969],[9.458992974624262,7.88047120626028],[9.442654804188527,7.870728077946347],[9.433932855377462,7.858804396424723],[9.415583624793557,7.850992112493685],[9.411066541815627,7.849065753719565],[9.397114045131637,7.844735976011057],[9.39645411296754,7.844530832030711],[9.386639625801568,7.844704774973265],[9.37807362222322,7.843384864539557],[9.314790124680476,7.834814464833237],[9.272602558052398,7.822948818845375],[9.225139873838803,7.818333653874448],[9.190202779182847,7.810423168036172],[9.156585659876344,7.797902033590258],[9.130218965094146,7.788011746865441],[9.12033312523071,7.793286820956833],[9.115718007669727,7.808447805291572],[9.12428395405994,7.826904047954375],[9.140104845425181,7.848655470045239],[9.149995072288775,7.8598657077592025],[9.162516224621248,7.869091584717197],[9.17043119761821,7.8822771426695155],[9.172170220869695,7.88662921257877],[9.174622742769671,7.887177705875846],[9.178230105243351,7.8885288153647934],[9.181837545286998,7.8916858628494975],[9.183193133646581,7.895743575108617],[9.180936789581722,7.903859214875359],[9.179126437197983,7.908081909204855],[9.173730854192035,7.905210245097845],[9.172959446573925,7.906280498491642],[9.164219597767302,7.911310321838926],[9.156826468866077,7.916005750952493],[9.13565020885183,7.924727754437642],[9.130945800355644,7.930760971994432],[9.097165929355365,7.9914136610754385],[9.063385944875481,8.052066325675954],[9.063385944875481,8.059437206141622],[9.063390416274153,8.063459337547929],[9.063390416274153,8.067476933380501],[9.06170935684745,8.070830189571781],[9.056973796388316,8.07764374033784],[9.055992789331455,8.077273630127022],[9.050173639637867,8.075200157482785],[9.025376604920734,8.062576379214201],[8.971265450563084,8.057617894968647],[8.910849023529494,8.056262365240602],[8.841857867185254,8.067084551408637],[8.819763028104042,8.070241610898348],[8.780536256034747,8.075200151688605],[8.696669496185113,8.09639424929105],[8.637149398328033,8.116232744994825],[8.621654051376211,8.120214726051998],[8.595024298076671,8.15282420216099],[8.588487259250984,8.156070397493417],[8.565612051742436,8.153876515016417],[8.553634926566573,8.151691587950872],[8.542397977133161,8.148730725148042],[8.524423383491733,8.157265424284168],[8.512678111089668,8.157778206687627],[8.503684056783056,8.158166160177464],[8.48609734131856,8.149149860359461],[8.472742405240275,8.142470135544139],[8.46625887594809,8.139228328019144],[8.426577322664006,8.112174977756279],[8.39050759382337,8.077906784255184],[8.371119496317231,8.046345294607418],[8.363454269721696,8.01658529064665],[8.360297211297242,7.987275604021916],[8.360297211297242,7.960672600676276],[8.363454269721696,7.946242913265977],[8.367115183812613,7.938916633452709],[8.364502137732147,7.925771219633623],[8.364511083214246,7.92034443638147],[8.368872091857908,7.917098213954538],[8.378494769927224,7.9161573766770905],[8.378784675240857,7.915582131092945],[8.397722439073643,7.879962873505697],[8.405387673949177,7.861025079594209],[8.404660856065652,7.836758602414917],[8.396643325211135,7.829450192047372],[8.392919991892434,7.820144022627155],[8.393851936898766,7.8099103833375265],[8.401294198000292,7.795953401156436],[8.406876965859011,7.7871154897484605],[8.411996026546305,7.776418096979903],[8.411991592786556,7.768507631925551],[8.40315362442453,7.7661844677593335],[8.385477729057609,7.768043875769459],[8.372158442135747,7.770001395795304],[8.36221906846656,7.774554164151926],[8.3454706762244,7.784324063240447],[8.328726808047273,7.791766316810436],[8.301744732021083,7.802468131658802],[8.274762713575347,7.814561213845545],[8.25150409903266,7.822471667972722],[8.215220344081471,7.834564784089975],[8.191029776927461,7.848985515346933],[8.18544691842014,7.8522406406042755],[8.183123757897892,7.853172590307605],[8.180359096046974,7.852579547515516],[8.175677063847662,7.855031984811023],[8.159860606181706,7.859687327512589],[8.139393365934795,7.861546740236552],[8.113807012704507,7.863869942488905],[8.101981495704157,7.867125097590751],[8.139250674731208,7.890597783805652],[8.144677387613593,7.898205068585025],[8.143575959067139,7.90362288440843],[8.13921941939384,7.904697525149238],[8.120718610105266,7.903569357289242],[8.100032852152886,7.903520304009852],[8.09241230131354,7.904585976695568],[8.08586185680794,7.912166441041824],[8.080403881868726,7.918658955878961],[8.063361252072255,7.925601715568749],[8.062915309315272,7.926988514292276],[7.964899841495582,7.959575620046732],[7.918043596876152,7.975713168536519],[7.8799093394997755,7.985362639130987],[7.8703490227759945,7.985335830588328],[7.867258854593988,7.98621434881772],[7.8384174440880034,7.985286816374534],[7.810971628510153,7.991333359200253],[7.782593958943798,7.998775640845479],[7.760730929409914,8.003426413938827],[7.738404226515615,8.00621786014336],[7.697465221881072,8.013664546944252],[7.676837389591882,8.014471673948462],[7.671111959067498,7.982655919028996],[7.6650430601107455,7.940169628392976],[7.677564218702997,7.9402142168029055],[7.692801043927109,7.941351265063837],[7.697175384246432,7.935942382941274],[7.695012698174642,7.931594787032405],[7.6797937769847815,7.925031014291778],[7.663834658895104,7.914347018820366],[7.663638518179139,7.905888051385884],[7.669751925530242,7.884827726155479],[7.69285007876229,7.83863146425456],[7.728179547212639,7.792435128396789],[7.744691584912996,7.768654756403147],[7.752637642238158,7.744201073028119],[7.752637642238156,7.708193838303202],[7.7535963824076415,7.6880564847331465],[7.753993229212655,7.679660063198589],[7.75467550917746,7.661315262019944],[7.75467550917746,7.647728415820547],[7.752445978667698,7.6477819248408165],[7.752445978667698,7.623363877935351],[7.750782705614608,7.5941790907344435],[7.751977764662034,7.576908976430568],[7.747456194324756,7.558595431361378],[7.740959302164364,7.549891268884123],[7.739915859971372,7.537954284993827],[7.755919547204191,7.526766411877793],[7.757359843343365,7.523912584350951],[7.76501165564825,7.512006742978359],[7.771584398054073,7.497924931138838],[7.779245132764871,7.482759510422478],[7.785777730072555,7.480614644051958],[7.793393884048491,7.478469835570901],[7.80098323325596,7.485002422568292],[7.807480171833216,7.4937021408492575],[7.810735336017549,7.495882651950319],[7.8183425576035965,7.496992968148009],[7.829231669924777,7.491601909914442],[7.835773193097832,7.485113893232214],[7.835840088720395,7.465324398209375],[7.796858599627124,7.416644397071623],[7.797612134882168,7.415859650990108],[7.793995836034386,7.415132823620807],[7.794722714189316,7.404702985730414],[7.795404889865143,7.389568776819467],[7.795895456544003,7.378670745449715],[7.7981339071678315,7.359148772422562],[7.787333922100773,7.338503117766949],[7.77471020589724,7.301193816464647],[7.779129195561537,7.300681017769929],[7.789969316787523,7.296516231166701],[7.797054780149282,7.29359554376279],[7.810815565859124,7.290260106073021],[7.818734955187136,7.286924670085759],[7.806646306373357,7.254408967855578],[7.797054780149282,7.2331434990208825],[7.794468476030767,7.227203972705379],[7.793866520025092,7.225826087504063],[7.789969316787523,7.216885622950773],[7.7833742963795345,7.206027688544656],[7.767147638617419,7.201742501150287],[7.736740953324213,7.197301273510532],[7.72371146112244,7.19616861557929],[7.708501479186367,7.196115101739109],[7.692194571991775,7.199312292241687],[7.685693177735562,7.193863239024284],[7.686420015876817,7.191009436331558],[7.646667184872199,7.172027086342603],[7.633646559529235,7.167639327439943],[7.622797604113321,7.163255995933798],[7.618467794591813,7.158903949999646],[7.605487342728862,7.144750741391026],[7.591454597885221,7.121915699903197],[7.589309739124146,7.114312935158022],[7.58499780807984,7.106701248792052],[7.580734852629822,7.0849854112455635],[7.580766111807395,7.077391521358416],[7.584061387654567,7.067639509962302],[7.583004570116673,7.060045629426174],[7.578679220451162,7.055689141880243],[7.5678346966429615,7.051305814442492],[7.559166233418299,7.046931393489571],[7.544228205473224,7.039894957774285],[7.543581616415519,7.040122372893198],[7.5305120264730245,7.032278824298877],[7.538270855133246,7.020159029261002]]]} | {""type"":""Polygon"",""coordinates"":[[[5.323493358514489,8.337100945642668],[5.324505550285275,8.333778985497469],[5.332331288924856,8.331170349060072],[5.335809381888751,8.32856181426801],[5.343198073908458,8.321605577483925],[5.347545745133564,8.315523379793696],[5.3531954140955715,8.309869222410846],[5.3531954140955715,8.305521628089101],[5.352762904606654,8.298132865881978],[5.353199884494824,8.286829067553283],[5.356673489473816,8.274655712157452],[5.362760147057258,8.273353645188893],[5.372324948504793,8.274223198979598],[5.381020218051748,8.278133844510226],[5.387539413837832,8.283351004909868],[5.3971041640705,8.292046208897615],[5.4044973491060855,8.292046223458408],[5.418409757230797,8.283787925399066],[5.421450901881463,8.273786204851227],[5.419711806674699,8.267699522397484],[5.421883366054706,8.261612858106059],[5.422320389124591,8.251178546401045],[5.418842278636166,8.235531534700348],[5.422320389124591,8.228138352797052],[5.431885129663234,8.224660307721887],[5.442319475185886,8.218141098414298],[5.457533938681145,8.206404706657837],[5.466229123162701,8.202489674744028],[5.471878862290341,8.204228643901375],[5.477532989805333,8.205098181633094],[5.481581851984627,8.207327734174806],[5.488230375766129,8.208273051685248],[5.500519611040648,8.20610150423754],[5.510097776316126,8.206190710461557],[5.517383980828749,8.2058785389357],[5.526975481157727,8.204826199664067],[5.537387468833972,8.198436281715493],[5.539362887130461,8.192345181085157],[5.539692837415131,8.190690854833043],[5.538395230553722,8.178579910645492],[5.5370887633939585,8.163365448235464],[5.536656163741253,8.15640929693471],[5.532741130182018,8.146844512989404],[5.52622188751322,8.139018752264915],[5.51796365979435,8.131193035543943],[5.504483789949917,8.123804359059418],[5.497964578718878,8.114676582296243],[5.497964578718878,8.110663372405863],[5.506976436031296,8.111247516742951],[5.513937087199223,8.111247493222779],[5.514632725647226,8.104982439570191],[5.513937087199223,8.096630589560203],[5.512893645060946,8.089674396073859],[5.513589271081931,8.083757150213362],[5.512545835157317,8.076796530644952],[5.51045901923376,8.066705506776948],[5.507328695053457,8.04548026709129],[5.507328695053457,8.037128338173298],[5.505580707591959,8.032325839676986],[5.5045417367798795,8.029472051826376],[5.503846138509015,8.023559295359743],[5.505932958191788,8.018685451685627],[5.5087199028441205,8.01764207081997],[5.516023947343151,8.02216806803964],[5.525767109817763,8.030867757857461],[5.5316843002087115,8.035041489175239],[5.537601528656803,8.04060641806382],[5.545253340051612,8.044088987998181],[5.550822781290715,8.051045149555478],[5.555032132042661,8.054554522624041],[5.559174651357789,8.058005843029584],[5.572743729522342,8.06844458365955],[5.576574088554665,8.071231501297502],[5.599190638260075,8.073666165317174],[5.624589657761794,8.072622764539675],[5.639554433286012,8.07366624131997],[5.643634476487227,8.073969446210404],[5.648949753806321,8.074361850717272],[5.656258178707387,8.074709649305111],[5.659736302813131,8.069835794889487],[5.65381904793696,8.064270884392343],[5.645819418752299,8.060788301669565],[5.643032536454878,8.05904929466723],[5.63990219426766,8.053832089898657],[5.643032536454878,8.048262705514336],[5.647210702861148,8.040954277080361],[5.648949753806321,8.032606793946705],[5.650688775729379,8.023559309024034],[5.656329515790723,8.019577328970374],[5.662518756867636,8.015207390729767],[5.667392620325675,8.008594507256573],[5.66808823138226,8.002333967173884],[5.663214390845096,8.00024263716829],[5.656953819249989,7.994329907966626],[5.650733387281926,7.990740334389643],[5.649573979277682,7.987886438184122],[5.647558508952823,7.986156326566108],[5.647558508952823,7.974147966305988],[5.647210702861148,7.966143871096493],[5.645471622905172,7.96301358265999],[5.634332809943379,7.958487621904575],[5.627028783750019,7.9570964247764175],[5.614150886967814,7.9623179984712],[5.609629402649245,7.966143936930755],[5.6016252650183675,7.963709199260484],[5.598842796854643,7.958487624097778],[5.598842796854643,7.951874808312296],[5.601973122878504,7.942831751898524],[5.604059992541003,7.926475768737472],[5.608585939990679,7.910815414778827],[5.612411899797498,7.876368838409462],[5.614150886967814,7.8655822289196875],[5.6231984258913155,7.842961220377269],[5.630506870292203,7.834961624884165],[5.642684676801268,7.8286966028437295],[5.656606038077314,7.828348784241391],[5.6588400100619864,7.82767992879779],[5.668435999848188,7.8290443670837835],[5.688617936649375,7.829740038601596],[5.7101910026623655,7.830087849342373],[5.728981707608328,7.82834872169584],[5.737288996934845,7.821080429099274],[5.738131754561214,7.819180816719556],[5.7411595289382005,7.812340579828465],[5.74603326829901,7.8050365975408065],[5.755776398092777,7.795641280007],[5.767954235291894,7.787637129480909],[5.791614192195486,7.782067789234167],[5.773028679779314,7.747317971460785],[5.780243518019543,7.745770639769709],[5.801022899570739,7.733303018894589],[5.816438040041109,7.727849513557374],[5.819412257634023,7.731225090443298],[5.822185854288257,7.733084546838835],[5.827741882879284,7.734038788656963],[5.832388249128645,7.732219471338199],[5.837034653608601,7.73040017530613],[5.842608479871728,7.728580796206787],[5.850023959790426,7.728625395348187],[5.8574350418364975,7.730511623395416],[5.86482819543095,7.734248332759973],[5.870384227479234,7.736125631878565],[5.876858859620667,7.738930384898228],[5.8833378939586325,7.740812128204442],[5.88981255054596,7.743616931836844],[5.898146626287749,7.745512041836819],[5.903698160218616,7.747389320214273],[5.908331221976494,7.748339110125997],[5.914814689224238,7.749297814409012],[5.919447718172737,7.7502476432144904],[5.921307154994849,7.749333488720781],[5.928740476989465,7.746604547871024],[5.93060439182185,7.744767387921599],[5.930622207391101,7.7410752039656],[5.9297170057704776,7.737374142099958],[5.927884314295232,7.733673153671085],[5.926038297596325,7.731813643565452],[5.92513308404962,7.728117064140842],[5.923309317441896,7.722565530144561],[5.92240414479652,7.718868909200752],[5.9214899583774,7.716090903176237],[5.92243977110362,7.7124032413218515],[5.923394031978619,7.707792482813038],[5.927139645602958,7.7004260625087655],[5.92902140675764,7.695819843945464],[5.929975691001625,7.691209081997364],[5.931893091753324,7.680141579622346],[5.933788222242801,7.67276184119157],[5.935669948583081,7.667232556377089],[5.936641993912153,7.659852674152015],[5.937627518875001,7.648776337347777],[5.939999729783106,7.645110943129636],[5.944173476295734,7.638658571551921],[5.9479101368499485,7.634061290077569],[5.950179854913215,7.630551924787746],[5.955044710201854,7.624897800893895],[5.96387818847572,7.615747708483198],[5.9721899764855815,7.610481515225245],[5.976595541788791,7.607605387957146],[5.989335250821937,7.596546884995251],[6.0040011907426685,7.58745027579313],[6.007938567364772,7.5821439201455965],[6.008928480516833,7.579727096266499],[6.008941879647522,7.578268968533506],[6.0089641577267665,7.575357229662029],[6.008999834957629,7.571477790908004],[6.009031072731248,7.567593940956787],[6.007617559359816,7.5617613914865975],[6.005709061715984,7.557378103427842],[6.005298797027889,7.548156726250146],[6.003390291457539,7.537396905575578],[6.0040903765792475,7.535573126120987],[6.004126050950516,7.5292367043076185],[6.012995171463367,7.5334059403267],[6.017079733072258,7.5386186668935515],[6.021168767005891,7.544415512335121],[6.023500890676391,7.5473094247486205],[6.02295236612124,7.549646003970849],[6.0247360174865605,7.554296827400164],[6.025364732329267,7.558952145867001],[6.026550887123538,7.5618594773027725],[6.028887415616207,7.565337593392382],[6.032954148137882,7.569381991074907],[6.035861442035643,7.572275957076408],[6.040481113071098,7.5745679496521765],[6.0433884429046,7.577461858647031],[6.048502995228755,7.5801239575162045],[6.098730330262794,7.588199425817688],[6.118760598330383,7.591418924776401],[6.12267570014874,7.583223037216323],[6.1237771328809165,7.5791340367453115],[6.125703474629466,7.575401781822973],[6.126644347138166,7.572976034505972],[6.128798040296172,7.567437865292741],[6.129912846770821,7.564512644395333],[6.130443486878811,7.561012298470787],[6.132106690358973,7.556334649153288],[6.133569269314723,7.552076195006018],[6.138349443056799,7.550453151182088],[6.142946761715626,7.550997150983448],[6.146393702128193,7.550970359916332],[6.149836143296413,7.550943604714408],[6.1532785343569945,7.550916905251754],[6.155570548018893,7.550314871622276],[6.160734121484458,7.550270266960978],[6.164176555535776,7.55024356648192],[6.165879919845044,7.548482180269882],[6.166985768293108,7.544972921238898],[6.165799723338377,7.542070021221198],[6.164693815255861,7.538315452981324],[6.162254672694342,7.533936575776741],[6.159918148543999,7.53045851283064],[6.1582860732709115,7.528295833598274],[6.155833591335432,7.5252458477352695],[6.15407670014305,7.522342932896778],[6.150589685879609,7.518878201164484],[6.146536408606465,7.515993179978007],[6.142487524013286,7.51369675771277],[6.137858936014292,7.510820646672053],[6.135549140495938,7.509670215567745],[6.13149580320283,7.506789585626421],[6.128606364204667,7.505063923919533],[6.125721266480601,7.503922400248665],[6.122256562472424,7.50220119603993],[6.118216636062019,7.500488872392761],[6.114751870507904,7.498767655339455],[6.112433160651131,7.4970375463223435],[6.110101036246475,7.494139136677609],[6.108335265365255,7.4906566082409425],[6.108883748458632,7.488319993338305],[6.108259428908529,7.484244405508776],[6.108794571112258,7.481328124804608],[6.108741048596746,7.47666387840708],[6.109793397140036,7.469078957097731],[6.109146834513595,7.463255419925463],[6.109664035558831,7.458586761659208],[6.110194662330775,7.455086309105876],[6.112410844798402,7.448656339878256],[6.118698172208969,7.446270687388158],[6.127883985255495,7.446194892242549],[6.1330610064415225,7.44731859490183],[6.138233529677229,7.447862617183617],[6.142848717373553,7.449570448346357],[6.147432619330382,7.448950644510418],[6.154313036874424,7.448312945542139],[6.1594722162949775,7.447688688027531],[6.163476497709875,7.446489190000338],[6.166901119404498,7.444714498895635],[6.170909849384054,7.444099086963665],[6.173170550116719,7.441164993456832],[6.17427644845729,7.437655689105708],[6.175953058607691,7.434146370323705],[6.1799216627734825,7.430035129786032],[6.18278437060755,7.429428698228259],[6.186271426296624,7.432897838770643],[6.186307125984516,7.435809632920668],[6.186917990510679,7.438721430012184],[6.189807495656259,7.440447067478953],[6.193272198167352,7.4421638758361235],[6.200785820313786,7.446185927759008],[6.208865683913066,7.44961501939246],[6.218706905413096,7.456531084878738],[6.22104792365962,7.46000915777754],[6.223393404475144,7.464071392493506],[6.225324238381384,7.468396763415854],[6.226925036635393,7.471036497454977],[6.2332747696699435,7.473899268500504],[6.237885484059212,7.475611604501119],[6.244788221440773,7.476721915405506],[6.252841332770773,7.4778188042859695],[6.2557174657457875,7.478380711475953],[6.259168839152405,7.47893363545118],[6.2637750755150945,7.480061749963153],[6.267814972176706,7.481778510069013],[6.270138228290132,7.484092816013374],[6.271890637407836,7.486407059087568],[6.27307231335838,7.489314379085765],[6.274838100270899,7.49279696603007],[6.276594938594786,7.495695354925145],[6.284099615342391,7.499133290535081],[6.2909889215359,7.499075335415322],[6.29274135056474,7.498807846732199],[6.295755731462248,7.49473217273314],[6.324512479214272,7.444304227113525],[6.336627821266165,7.434092915717063],[6.357438497659715,7.411070517306441],[6.359297917620277,7.41156548606334],[6.362789370107224,7.40930471639915],[6.367912884513994,7.40576422805633],[6.375301634410891,7.3998781658757755],[6.378142087937195,7.397519362369835],[6.422247033241111,7.416827240389504],[6.42657681180233,7.414611108939196],[6.427673808915524,7.410522056026253],[6.43216406550078,7.402326258915545],[6.432106118899567,7.397662029293418],[6.4222425640090695,7.388998016360152],[6.423352893520815,7.386077277458984],[6.426746248214814,7.3819659661698545],[6.432458350535422,7.379589309882769],[6.434143953281107,7.376659691960989],[6.434674594261045,7.373159255785177],[6.434603235020929,7.367331201066327],[6.435660059003181,7.3597462764028565],[6.438504948519874,7.357971567860182],[6.442509241225498,7.3567720890788655],[6.450531109164871,7.3555413511831915],[6.4551507184384755,7.357837769031811],[6.459779284470464,7.360713906858379],[6.463261847805935,7.36359895182009],[6.466869260970588,7.365320172202561],[6.4703740905764455,7.363701523733656],[6.4729826719734165,7.360606893238188],[6.47579638805815,7.355920377166161],[6.477481928875432,7.352990752639125],[6.480866402809724,7.348299779827684],[6.485762510900968,7.341994633781612],[6.488790243249825,7.338908892359825],[6.4922059094105,7.3365500785702675],[6.494471109633866,7.33420006493854],[6.4973249135816005,7.333009497911875],[6.499550024557848,7.327163661627411],[6.499509914918593,7.3236677247198525],[6.498898998623875,7.320755891711439],[6.498297037459261,7.318428254976769],[6.499924599372456,7.310838906018205],[6.499844298286266,7.3044266842787895],[6.499228985439198,7.300935189657201],[6.499759603937886,7.297430368444828],[6.499697201930418,7.292186457188359],[6.501360435774392,7.287508864941897],[6.50362116300997,7.284574761625013],[6.50587302060121,7.2810609747708925],[6.50811153227213,7.276378916518078],[6.50806694190367,7.272883024340096],[6.508031220809956,7.269966787854451],[6.511442472657657,7.267023753883753],[6.514884831683909,7.2669969518794755],[6.525849838115379,7.271572032199578],[6.5298808270271085,7.272704674722779],[6.537358743192937,7.27381052826525],[6.544261439667118,7.27492076932915],[6.556314379532611,7.274818232228512],[6.569522243939327,7.275295363266531],[6.572322568609294,7.276080184314645],[6.575073817450253,7.273529582927848],[6.592250282267428,7.27621837161001],[6.607714455212169,7.278033276725759],[6.637670706630031,7.29476383567228],[6.669156368522248,7.240518852832295],[6.674721324297035,7.233437751786153],[6.678114734962404,7.231636329701924],[6.683233744243805,7.23038773068964],[6.68532059519604,7.2235340919848285],[6.690158733513322,7.2195744444858665],[6.693306917406841,7.216997114838519],[6.6975831907237415,7.204159352929294],[6.7007936834380954,7.178488299725769],[6.703429005595039,7.170573360454808],[6.707210333106571,7.1592339248336545],[6.7114911210266275,7.1485364911376585],[6.715321493359348,7.137036505607923],[6.715767376770835,7.135698782293915],[6.715767376770835,7.122820839186056],[6.715767376770835,7.120725110695338],[6.7114911210266275,7.104676751310152],[6.690096308343793,7.068308369273325],[6.683835738638169,7.051613507998271],[6.6772585741159824,7.034075849636032],[6.6772585741159824,7.008400319110033],[6.678328736162108,6.993426698530326],[6.6785606055934155,6.988057885345526],[6.679260706230108,6.972000729809288],[6.679398916020283,6.968821378744789],[6.672982264640752,6.935663464439698],[6.652657676239255,6.907847612717476],[6.646236601856129,6.885382634114603],[6.634469074144939,6.866128254775236],[6.621635777466027,6.84152740530681],[6.614144464201993,6.830829987762714],[6.61079119434205,6.822103521322521],[6.613769868590711,6.814799512525805],[6.615945911776866,6.809519959298863],[6.617595802540238,6.806581432515447],[6.620315827007766,6.800129143898275],[6.623660221746966,6.795995505237258],[6.623611148492862,6.793596485530788],[6.623548706499684,6.790751645818803],[6.627365687172387,6.781949337541367],[6.629514963547237,6.775505913438414],[6.631691053009887,6.769058096807516],[6.628021207189606,6.748889576126194],[6.62618852344071,6.731467833953832],[6.621604557425495,6.722299922845578],[6.617934719269846,6.704878244791549],[6.628021207189606,6.6746232491948705],[6.652778131552448,6.634281772952321],[6.660108878673245,6.608610700772904],[6.661946039652428,6.572853219218142],[6.661946039652428,6.552684631972204],[6.664701716544149,6.5323556453857865],[6.68392492045004,6.543119933273641],[6.7170426758536905,6.550093901226846],[6.743190880886693,6.557500531557114],[6.7641084690399635,6.563605028689117],[6.793306660437438,6.572318059549311],[6.8081242976623715,6.58016163647027],[6.808993802087594,6.598029301374192],[6.808993802087594,6.615896893974989],[6.805069760975816,6.636814549581182],[6.802893782381194,6.656425675618232],[6.8007132174061145,6.669936722475908],[6.798969700903307,6.6795237741575875],[6.800276230394469,6.693467444359062],[6.806380745796408,6.703054466931516],[6.819454845110931,6.712641579899727],[6.833835422610784,6.722228643622173],[6.8421115530362195,6.7305091794850185],[6.853009610673382,6.744452783888725],[6.8599791933620375,6.753170329505639],[6.868259704826881,6.755350805931827],[6.87828374896398,6.760576882091401],[6.883077290105561,6.768420476660278],[6.884820847661595,6.772781477653466],[6.8968068429194895,6.792392573328946],[6.912056998684806,6.800668626034513],[6.923387572738076,6.801979664847595],[6.931231116254824,6.788031604292113],[6.932073920896721,6.767693582866258],[6.939578553209928,6.773593014213303],[6.947413215642379,6.7859982377661705],[6.949031906814369,6.788557749626526],[6.952184446353213,6.80825358685593],[6.952184446353213,6.827944995572802],[6.960817241020967,6.840898699064368],[6.96321178024188,6.844488211133937],[6.9781765486674825,6.850004120199878],[6.986845046803957,6.844488241579487],[6.989993165472184,6.833460869809993],[6.989993165472184,6.823218370870544],[6.987629869566874,6.812980265278385],[6.986845046803957,6.806675085477294],[6.985266494334663,6.798800314598968],[6.986055806835972,6.788557716300896],[6.9907824525202455,6.7854051470820895],[7.004962369838597,6.785405141737223],[7.020716407974055,6.789346993285689],[7.030169663420321,6.785405154351655],[7.041986304564393,6.783041809287338],[7.0553769518917,6.786194408295836],[7.060103625766449,6.79485847633425],[7.074283531482467,6.798800325482215],[7.081373510480755,6.80037432022119],[7.09319015165958,6.819280985718769],[7.101069378595839,6.828734238941832],[7.112885982413392,6.8373982457481715],[7.119971528490505,6.848425638012455],[7.134151449362211,6.854730796407932],[7.146757327153999,6.864184111969415],[7.152273227957929,6.876000737823397],[7.156210582492299,6.8830907213917305],[7.170390543052312,6.883875464455756],[7.1759064994545545,6.8964813650362675],[7.187718654160485,6.901208017118838],[7.209889266082139,6.902817784710933],[7.219231071718317,6.905934639611661],[7.23498508173949,6.910661342381423],[7.238137691634154,6.921688624150606],[7.242864373019773,6.927989344637963],[7.238922514057004,6.9413845053102055],[7.238137691634154,6.957923310312518],[7.2412902843506135,6.971318436757179],[7.257829059454675,6.980771756950916],[7.293278961608955,6.994162409005642],[7.310143214561054,7.003999202557553],[7.312992648898511,6.99972290571011],[7.316787330256857,6.998973779444124],[7.326878268505716,6.999442031193924],[7.329821263981228,7.000293718409122],[7.32979003636625,7.007018016228682],[7.32849241393753,7.014580690338741],[7.328108957204183,7.024462027201482],[7.353936064127366,7.0343389466477255],[7.366836227463751,7.0398637604874015],[7.36693878239499,7.040439006705634],[7.364410485581398,7.048723999015456],[7.367464997141168,7.056237573991367],[7.367585360163549,7.062636426410051],[7.3670725821874985,7.064781173794592],[7.368169536042004,7.071229077525513],[7.375259518408253,7.092075408653325],[7.385961348630914,7.109345436195126],[7.398157021168605,7.1137064501297536],[7.417558543487273,7.113791195020931],[7.430476582583053,7.118152165452191],[7.441972074981869,7.118201204331385],[7.4570751101257065,7.115392006393224],[7.465712355571501,7.111842605336523],[7.486625591300942,7.093983864035947],[7.503966984476779,7.0703729205023444],[7.5262937362530264,7.057544058137123],[7.527769711920045,7.048215688200164],[7.529820859743716,7.032796105658716],[7.5305120264730245,7.032278824298877],[7.543581616415519,7.040122372893198],[7.544228205473224,7.039894957774285],[7.559166233418299,7.046931393489571],[7.5678346966429615,7.051305814442492],[7.578679220451162,7.055689141880243],[7.583004570116673,7.060045629426174],[7.584061387654567,7.067639509962302],[7.580766111807395,7.077391521358416],[7.580734852629822,7.0849854112455635],[7.58499780807984,7.106701248792052],[7.589309739124146,7.114312935158022],[7.591454597885221,7.121915699903197],[7.605487342728862,7.144750741391026],[7.618467794591813,7.158903949999646],[7.622797604113321,7.163255995933798],[7.633646559529235,7.167639327439943],[7.646667184872199,7.172027086342603],[7.686420015876817,7.191009436331558],[7.685693177735562,7.193863239024284],[7.692194571991775,7.199312292241687],[7.708501479186367,7.196115101739109],[7.72371146112244,7.19616861557929],[7.736740953324213,7.197301273510532],[7.767147638617419,7.201742501150287],[7.7833742963795345,7.206027688544656],[7.789969316787523,7.216885622950773],[7.793866520025092,7.225826087504063],[7.794468476030767,7.227203972705379],[7.797054780149282,7.2331434990208825],[7.806646306373357,7.254408967855578],[7.818734955187136,7.286924670085759],[7.810815565859124,7.290260106073021],[7.797054780149282,7.29359554376279],[7.789969316787523,7.296516231166701],[7.779129195561537,7.300681017769929],[7.77471020589724,7.301193816464647],[7.787333922100773,7.338503117766949],[7.7981339071678315,7.359148772422562],[7.795895456544003,7.378670745449715],[7.795404889865143,7.389568776819467],[7.794722714189316,7.404702985730414],[7.793995836034386,7.415132823620807],[7.797612134882168,7.415859650990108],[7.796858599627124,7.416644397071623],[7.835840088720395,7.465324398209375],[7.835773193097832,7.485113893232214],[7.829231669924777,7.491601909914442],[7.8183425576035965,7.496992968148009],[7.810735336017549,7.495882651950319],[7.807480171833216,7.4937021408492575],[7.80098323325596,7.485002422568292],[7.793393884048491,7.478469835570901],[7.785777730072555,7.480614644051958],[7.779245132764871,7.482759510422478],[7.771584398054073,7.497924931138838],[7.76501165564825,7.512006742978359],[7.757359843343365,7.523912584350951],[7.755919547204191,7.526766411877793],[7.739915859971372,7.537954284993827],[7.740959302164364,7.549891268884123],[7.747456194324756,7.558595431361378],[7.751977764662034,7.576908976430568],[7.750782705614608,7.5941790907344435],[7.752445978667698,7.623363877935351],[7.752445978667698,7.6477819248408165],[7.75467550917746,7.647728415820547],[7.75467550917746,7.661315262019944],[7.753993229212655,7.679660063198589],[7.7535963824076415,7.6880564847331465],[7.752637642238156,7.708193838303202],[7.752637642238158,7.744201073028119],[7.744691584912996,7.768654756403147],[7.728179547212639,7.792435128396789],[7.69285007876229,7.83863146425456],[7.669751925530242,7.884827726155479],[7.663638518179139,7.905888051385884],[7.663834658895104,7.914347018820366],[7.6797937769847815,7.925031014291778],[7.695012698174642,7.931594787032405],[7.697175384246432,7.935942382941274],[7.692801043927109,7.941351265063837],[7.677564218702997,7.9402142168029055],[7.6650430601107455,7.940169628392976],[7.671111959067498,7.982655919028996],[7.676837389591882,8.014471673948462],[7.677225356568058,8.016625406264263],[7.665676288895103,8.019345409386206],[7.624915691172588,8.029534444333088],[7.583472730280963,8.037685727693525],[7.542712123584395,8.043121342378427],[7.505344842510742,8.047196977261489],[7.450997344527472,8.046519190269581],[7.445784663002833,8.044860373718686],[7.432442975662116,8.045694254305594],[7.404484486596423,8.042965319340286],[7.393176143879151,8.041859457606153],[7.305554815820958,8.02557928493965],[7.253842623819049,8.015046887962736],[7.195901110258511,7.993023350995041],[7.117853457164896,7.959027156749267],[7.072847765685838,7.942742530256529],[7.052933367444867,7.932281474596849],[7.0153342502039,7.928330696062435],[7.0044941721316745,7.928272744852002],[6.994652948476766,7.925271782395506],[6.991732183604527,7.919363471618514],[6.987843906305954,7.909517751225257],[6.97802942501741,7.901607289880827],[6.9662886229762035,7.886807550272549],[6.9635863497058805,7.8792939661264905],[6.962667834767071,7.887570116917903],[6.959912039047469,7.8967602750416805],[6.954396205332747,7.905031905700476],[6.9525545287950985,7.917905349332026],[6.957151852122543,7.929851248359828],[6.960830679434936,7.9427247337719376],[6.9635863497058805,7.960186546220104],[6.9782969526119505,7.985928961659419],[6.979215521457611,8.00063507377519],[6.972781054757581,8.019938461146207],[6.9709394377515315,8.03005172499831],[6.977378396560079,8.050273771492991],[6.98702784884901,8.077853258620278],[6.98702784884901,8.092559389936605],[6.983349116614668,8.115541588614368],[6.997141115405472,8.15322996456897],[7.002656999649726,8.167017454332788],[7.000815368719688,8.181728071605846],[6.992543790263667,8.195515617318557],[6.9796747696954204,8.211144715966432],[6.972321772575229,8.224932318859786],[6.9704801684013376,8.245154343071869],[6.964964269050202,8.265380829701956],[6.9594527646295505,8.275489572347203],[6.953018343268792,8.283765661617286],[6.941067950301805,8.292955885465487],[6.934633443175711,8.301227477685803],[6.934633443175711,8.310422193636674],[6.9419864914659595,8.322372572337263],[6.951176705290791,8.346273313921362],[6.955774014307441,8.359142279211834],[6.957611192427881,8.374767029075429],[6.9695615573497784,8.391314750119728],[6.984174063373632,8.459378410993361],[6.9461424095906725,8.458937018400478],[6.88689430360515,8.45619462881152],[6.827646228298917,8.453452259800413],[6.825059979789463,8.433939253191431],[6.8247835098756795,8.432681828450528],[6.832136569971689,8.42532878530845],[6.832136569971689,8.417052621527377],[6.8247835098756795,8.404183695464836],[6.833055137273569,8.401427970435423],[6.8376524210188165,8.396830613164344],[6.8367293724299865,8.39131472980743],[6.832136569971689,8.386721862315948],[6.827539184831143,8.379364369447174],[6.826620613552812,8.37476702623365],[6.822941878969479,8.367413943205765],[6.8146702284073335,8.356382122529512],[6.810991515388769,8.351789217736636],[6.807317179715467,8.34259455175042],[6.801801283695985,8.338920306517554],[6.7907694254362525,8.330644210710274],[6.779737644070601,8.331567217060522],[6.772384546795901,8.335241551343442],[6.770547424093833,8.33064416080176],[6.769628841422556,8.31777521798271],[6.76686867812498,8.30858502831831],[6.760434173271188,8.305824831191334],[6.751239503866128,8.304906254714934],[6.749402409295633,8.299390316184375],[6.761352788935926,8.292955834140042],[6.763189895975724,8.281924028151938],[6.761352788935926,8.272733869539556],[6.755836879492729,8.268136505402287],[6.749402409295633,8.263539205650423],[6.74388645680746,8.26538082590235],[6.730098920362037,8.283765660021366],[6.719985707161953,8.274571019884906],[6.72101126878008,8.26587572851976],[6.723494988242717,8.258602929369552],[6.72589846276084,8.250656810457857],[6.724221866961918,8.249390466073494],[6.71814852147008,8.243317158554998],[6.714469735630588,8.229529629682478],[6.712632625406036,8.201950065817526],[6.6997636281635975,8.18908107929202],[6.691260119304998,8.183007827144584],[6.69010969098942,8.185402398280296],[6.6882725409009005,8.201950108046672],[6.683675244325706,8.212981937654986],[6.671724806243935,8.220334979857622],[6.66529032305079,8.226769417906961],[6.657937289084209,8.235964085459791],[6.641389539813103,8.255267570889881],[6.631280808998773,8.27640812213315],[6.626683435001284,8.287439986472286],[6.613814451547774,8.299390351048634],[6.608298545046305,8.314096502158636],[6.5991039263785085,8.324209733961577],[6.588076595619998,8.326046833650468],[6.579800423656516,8.330644189164293],[6.571528828067002,8.342594576505428],[6.562334131909622,8.35362639881677],[6.551306808720174,8.369255589081098],[6.527405992201496,8.375690016806592],[6.512695475571576,8.398667746110567],[6.50350522005888,8.412459822530948],[6.481441601642895,8.427165925585639],[6.452943510619547,8.44831097640123],[6.4492691755793246,8.459338304698868],[6.439155921383304,8.493352364273413],[6.43134363436697,8.519090227916791],[6.4249091267562735,8.549425527771072],[6.4138772868613625,8.581597929351304],[6.410113831608078,8.595394440808715],[6.40803591132117,8.603015033196426],[6.405605651465869,8.611933198166202],[6.398252646707787,8.629399541325641],[6.384094944798986,8.64426168383162],[6.379867729738692,8.6487029854969],[6.37527045436533,8.66157635291044],[6.358722697809328,8.684554104080517],[6.343097996825755,8.697423079920185],[6.323790082672418,8.713052221956017],[6.3026494906471,8.727758369017108],[6.267716891679743,8.73879021024263],[6.246576297850288,8.73879019652828],[6.224512676532746,8.735115864656239],[6.208535686135113,8.732373567525507],[6.1836985126988315,8.686578539400761],[6.169870859689319,8.662989927570266],[6.162548979875097,8.63777814171799],[6.1544200804786025,8.617449111039491],[6.14790977313581,8.59629957902316],[6.139776336061132,8.58084884897954],[6.133270571352958,8.56783266234881],[6.125137130352845,8.555637028167144],[6.123514064955644,8.538554260447064],[6.119447370720801,8.510903362974878],[6.117003715410373,8.483252456898278],[6.1137530445842705,8.461291427095128],[6.1137530445842705,8.445024609496452],[6.113124309269048,8.441466244827245],[6.111313901278215,8.431201404850352],[6.097486269432015,8.414123019524245],[6.082659721288553,8.401762434850568],[6.077968736495246,8.397856255714025],[6.0600744092144145,8.393789562887076],[6.040556946270159,8.392977947884578],[6.0202233805526175,8.397856221667361],[6.013717566260393,8.400295338380353],[5.990944989371682,8.40192296750924],[5.978744834197151,8.405173616069806],[5.956783785577786,8.408428789751607],[5.94296054853489,8.412495429263497],[5.925066181004408,8.418189734336382],[5.912054545018024,8.423879520194914],[5.897415296139334,8.423067999544267],[5.883587600311154,8.423067984408144],[5.865697715903549,8.42306799473633],[5.8494309581743185,8.422256411665415],[5.8290974315054545,8.426323116437535],[5.818524901199761,8.427134646278612],[5.805513218893867,8.425507103247396],[5.790874025650928,8.42713468186508],[5.782740599255022,8.427946257482795],[5.766473774558089,8.432828922013735],[5.748579469029008,8.437707245821255],[5.71930096347039,8.44340152644257],[5.704661738521515,8.445840594190951],[5.688176434364274,8.452850361639692],[5.658304921182701,8.459668257932748],[5.642849701293711,8.462918947284118],[5.599748038560642,8.488946757842443],[5.588359458574631,8.497080174566875],[5.574536274380499,8.50602510857673],[5.554202798178209,8.512530919061334],[5.544441764796861,8.523103416974852],[5.533869247980973,8.5304253003335],[5.52410832214428,8.536931100796643],[5.513205755181911,8.53852306653417],[5.514565803107261,8.535129630177837],[5.510494639363302,8.535129623299364],[5.503030095692131,8.534451832527145],[5.496247841682981,8.52902512476233],[5.490143319024831,8.51817172630549],[5.476578757280021,8.499858124160319],[5.465725303006798,8.492393630381653],[5.453511778975635,8.486289149647176],[5.446377240743201,8.479720851437309],[5.433111379774429,8.46645062025828],[5.412381086977333,8.452355363819851],[5.396627067352876,8.43826016475639],[5.380873023274086,8.420847316010613],[5.372579127607438,8.409240299507262],[5.35931332009726,8.395140620312164],[5.347706264848061,8.382704199002655],[5.341900540797283,8.375239692696855],[5.33078838339493,8.355673159462912],[5.327475286163932,8.349037953250964],[5.322828892945252,8.344396086811885],[5.321504612344305,8.341078468154715],[5.323493358514489,8.337100945642668]]]} | {""type"":""Polygon"",""coordinates"":[[[2.731101277283114,8.762204915722519],[2.7420216078488675,8.745461009076191],[2.7471184128508965,8.737452420767589],[2.744206600988638,8.719977208417246],[2.7456602827197663,8.709788219901295],[2.7492988595433276,8.701779659732697],[2.7485720327475716,8.693039836762056],[2.7434752979410084,8.684304433102037],[2.7412903387880583,8.674115346369279],[2.744933436236579,8.669745416863785],[2.7427484852336455,8.663921891426655],[2.737651698508048,8.65736698210209],[2.73837858422671,8.650816585354951],[2.7456602827197663,8.647904773991437],[2.7500301772294655,8.636984445452624],[2.7492988595433276,8.612231955497247],[2.7492988595433276,8.595488055558494],[2.750391360642276,8.57874412547652],[2.75548808557574,8.56709246271479],[2.758127896287056,8.561152942257813],[2.7612270132467938,8.5700577729761],[2.776227376651508,8.590377924261812],[2.8023577370351767,8.610359153800205],[2.840786230068035,8.610359157542591],[2.8884362180018575,8.608820744236354],[2.920715675195539,8.611897536484518],[2.9422352463848593,8.638027897449279],[3.014477182493898,8.710269736750899],[3.0513673235839915,8.728717073594215],[3.1036279966567464,8.750236724409259],[3.131296728990443,8.777900973183353],[3.163576162350277,8.808646440637215],[3.183561799123885,8.811718810374341],[3.1973939742405726,8.796348260000963],[3.237356381942146,8.782516111527368],[3.28193408201795,8.804031317461524],[3.3388053946583804,8.825550884594747],[3.3879937709833468,8.842459775163777],[3.4161307235208027,8.860166936815517],[3.4212853897242947,8.86341314407384],[3.4730421971897107,8.895975706849432],[3.5247990042991946,8.928538299689007],[3.6037741290756946,8.960131058472852],[3.6554506443873716,8.98079894864788],[3.682178476007366,8.994167323262984],[3.7200095015199564,9.013082839008975],[3.7430675156261115,9.046896223529338],[3.752288974060153,9.086863110250137],[3.7538273640836,9.120676519391269],[3.770736214147689,9.146806811629665],[3.7953282030149964,9.16525417920414],[3.81025283491989,9.173463321799376],[3.8260692386642488,9.182163072005192],[3.862959355012221,9.18831215329709],[3.9213691250795852,9.17293713610993],[3.944427134818295,9.148345243126508],[3.9720958665932633,9.077637279764794],[3.9905387357777196,9.048434627774046],[4.012058310943723,9.034597983455695],[4.072006497027668,9.014616778735672],[4.133493017819689,8.99463560024024],[4.2104616152069,8.970034667454573],[4.253384910259214,8.96696684809985],[4.273370540233546,8.979265022331132],[4.290275031424013,8.991563200791417],[4.316405357840611,8.997707850168926],[4.325631239504201,8.994635557846653],[4.329011230396093,8.989561109199949],[4.334852688582837,8.980798995508222],[4.334852688582837,8.957745381885337],[4.321016061194094,8.942374921415547],[4.257995609889717,8.900869610181969],[4.221105484522193,8.860907146066689],[4.200089673800547,8.825055924870396],[4.194984003615192,8.817974913441605],[4.186056935897529,8.805596467488835],[4.182627855530177,8.785980854674332],[4.182904343119028,8.765197000577166],[4.190404526165576,8.753852995314757],[4.190364430435366,8.753309040216328],[4.201124235270403,8.717957218247776],[4.206113930804931,8.703817484332209],[4.210345660829268,8.691826925520713],[4.213422408684272,8.682601011530117],[4.209141720755458,8.680656909440646],[4.259770333267939,8.575007430835601],[4.303955529217792,8.483100839658595],[4.3481407944075,8.391194296509251],[4.364492268130806,8.35850021805526],[4.367635934053958,8.350170586706087],[4.375292219768562,8.318185472504405],[4.375617794892328,8.316829910287993],[4.3817356196972375,8.301432616418206],[4.382560602378309,8.29935916323932],[4.386850215788728,8.291890167517147],[4.403812632655674,8.27872238615262],[4.421377032384561,8.270464160071953],[4.441759604514246,8.25299342769205],[4.460104340309023,8.236004251704818],[4.477093503031062,8.218341748013906],[4.483884745923439,8.202712568290533],[4.490002604442468,8.182330060573431],[4.494078209256157,8.166700893733394],[4.494078209256157,8.149711727150107],[4.494078209256157,8.133404803809647],[4.494965607971591,8.122774268730334],[4.495438280118217,8.117097810206202],[4.505627326630227,8.091957425417533],[4.533487791981229,8.0715748503608],[4.557268175418451,8.058665765547598],[4.569000054776835,8.054755130808879],[4.579024109053666,8.057765080714653],[4.590457287223833,8.062340048785643],[4.598082346274393,8.063860641519886],[4.603040867083277,8.068056621972907],[4.612948946757381,8.073010720440987],[4.621720035070987,8.07568170555391],[4.628961613628745,8.074535690401802],[4.633915622474291,8.071485700603814],[4.634138576477059,8.068177090438631],[4.632390669948073,8.061194126249163],[4.633915622474291,8.057002511959615],[4.637349168061886,8.053569045612205],[4.642686701885191,8.053190003387046],[4.648403303759307,8.053569041707947],[4.65335734666902,8.05051898360345],[4.659457395262077,8.045564933523359],[4.665557416341914,8.043277456142821],[4.673561549407457,8.045948405456562],[4.67508654962748,8.049756507488233],[4.679661569127314,8.052043999119638],[4.682711558326104,8.054714993999566],[4.687286664062502,8.05700250747544],[4.692240686236752,8.056240062775995],[4.695674195114981,8.052427527963207],[4.699607148679042,8.049096583745653],[4.704440762213185,8.04823150101196],[4.705586811637862,8.051508962923183],[4.711682354214065,8.059669088783517],[4.721215896029562,8.064244141903881],[4.735320031546544,8.063481631658231],[4.745611694590366,8.064244093088675],[4.754761739588267,8.065006607211023],[4.7661993051091205,8.06805667489651],[4.774720669236258,8.068306375281756],[4.779157505754262,8.068435668919266],[4.78564102952561,8.068435671224345],[4.792445578975027,8.066660977828047],[4.792958382525771,8.066540524226138],[4.799490959131347,8.065019993722538],[4.805270023549031,8.063860599330187],[4.812895023514181,8.059290024560683],[4.818611598069409,8.053569056231071],[4.830049210971558,8.055477501261441],[4.843390835686371,8.061956644766465],[4.850382740908708,8.066616397110726],[4.852540896082098,8.068056677361406],[4.85749501733329,8.072631723506086],[4.856736942954821,8.079110729160377],[4.854828429803936,8.08597334519316],[4.851778379458201,8.091689907848062],[4.854065960819151,8.095502420315366],[4.861307544836299,8.094739905624177],[4.877699144504137,8.09131089899838],[4.887232685189831,8.090927387410419],[4.895406250177809,8.089357747316694],[4.913153455345817,8.085589843641184],[4.926878579989274,8.079873286338486],[4.939457737320513,8.06805668516426],[4.945174283867615,8.060815044487354],[4.949749306114865,8.05547755264011],[4.956736762821226,8.053546770525863],[4.960803444934109,8.052427506935423],[4.96690346810187,8.046706492457508],[4.968428498631864,8.037560834995487],[4.97071604313538,8.032602303422218],[4.969191029497435,8.024214740575283],[4.967104144328917,8.02004550956042],[4.969574479331946,8.017356690794323],[4.973386998612129,8.018119151995272],[4.981007582574856,8.025739747319982],[4.987491161574912,8.032223308339422],[4.989297065765906,8.03403817668846],[4.99587870239479,8.032223320424036],[5.001974299063956,8.03412738937353],[5.005407786820357,8.043277407087947],[5.009982817831915,8.050139973498666],[5.014936903827844,8.054715060344561],[5.020653468437673,8.05929006547231],[5.029041049303852,8.063860625128171],[5.032474526364467,8.068056639872262],[5.037049620212279,8.070723163638682],[5.03971611598683,8.0718691926157],[5.044291164035393,8.06996071291401],[5.049628700800199,8.064623161169715],[5.05344126481196,8.057765041553829],[5.0549306115718275,8.049190176102488],[5.057632818389502,8.039464885669261],[5.061815471133982,8.038153914167014],[5.072352342002829,8.031005986620324],[5.075736746192253,8.024986195458899],[5.084391875266208,8.024232591755347],[5.085537840742132,8.02572638514678],[5.087330449786628,8.026743052245358],[5.089996942879235,8.028299269165762],[5.096101475675547,8.0306537191328],[5.100698826269302,8.030702730536678],[5.10373990491408,8.03264245436729],[5.104863610693427,8.035326877476008],[5.104814570301741,8.039906326197087],[5.105849037500691,8.048557031273972],[5.114125138613511,8.058099516637501],[5.117888639031031,8.062616527722586],[5.127671921964495,8.062995578592334],[5.142351248902928,8.06186299284859],[5.150627357550281,8.055843195738065],[5.157026183766129,8.052458688813786],[5.162613466017977,8.049506798981763],[5.164927685422583,8.04718805881373],[5.1769717253970065,8.03890747856959],[5.181863358502594,8.036272158844767],[5.188262201674628,8.029498819464195],[5.191651071157257,8.022350901065192],[5.195789104024062,8.018208398479539],[5.2029415146574856,8.017080227065032],[5.220251758085154,8.02084370042997],[5.230788638806826,8.02197180815821],[5.244451294026552,8.020536017656696],[5.2567539435891195,8.018208349511555],[5.26239915145395,8.012942198369434],[5.269551620883823,8.011060434217798],[5.282862035808237,8.008469685416056],[5.297777730804684,8.007671528910667],[5.317723264161553,8.007671469046317],[5.332398161069403,8.009553232592477],[5.340304145067645,8.015577499199471],[5.345949352615907,8.020090129845522],[5.3519691807018335,8.025735290658101],[5.357988918912457,8.034015860221334],[5.359210729612819,8.036107205588273],[5.3606242589244,8.038532939469963],[5.361377862639419,8.043424593489283],[5.360249736150403,8.053586870976904],[5.358742488201034,8.063370157159925],[5.358742488201034,8.073907034057369],[5.3606242589244,8.082941106028112],[5.364013197773647,8.090468076915887],[5.371161153104338,8.096487855009109],[5.387343238582057,8.102133076074594],[5.398259054795978,8.10364024932322],[5.421214570485357,8.105522026839976],[5.449061625505395,8.105896599162653],[5.475031442635401,8.108152856848232],[5.497964578718878,8.110663372405863],[5.497964578718878,8.114676582296243],[5.504483789949917,8.123804359059418],[5.51796365979435,8.131193035543943],[5.52622188751322,8.139018752264915],[5.532741130182018,8.146844512989404],[5.536656163741253,8.15640929693471],[5.5370887633939585,8.163365448235464],[5.538395230553722,8.178579910645492],[5.539692837415131,8.190690854833043],[5.539362887130461,8.192345181085157],[5.537387468833972,8.198436281715493],[5.526975481157727,8.204826199664067],[5.517383980828749,8.2058785389357],[5.510097776316126,8.206190710461557],[5.500519611040648,8.20610150423754],[5.488230375766129,8.208273051685248],[5.481581851984627,8.207327734174806],[5.477532989805333,8.205098181633094],[5.471878862290341,8.204228643901375],[5.466229123162701,8.202489674744028],[5.457533938681145,8.206404706657837],[5.442319475185886,8.218141098414298],[5.431885129663234,8.224660307721887],[5.422320389124591,8.228138352797052],[5.418842278636166,8.235531534700348],[5.422320389124591,8.251178546401045],[5.421883366054706,8.261612858106059],[5.419711806674699,8.267699522397484],[5.421450901881463,8.273786204851227],[5.418409757230797,8.283787925399066],[5.4044973491060855,8.292046223458408],[5.3971041640705,8.292046208897615],[5.387539413837832,8.283351004909868],[5.381020218051748,8.278133844510226],[5.372324948504793,8.274223198979598],[5.362760147057258,8.273353645188893],[5.356673489473816,8.274655712157452],[5.353199884494824,8.286829067553283],[5.352762904606654,8.298132865881978],[5.3531954140955715,8.305521628089101],[5.3531954140955715,8.309869222410846],[5.347545745133564,8.315523379793696],[5.343198073908458,8.321605577483925],[5.335809381888751,8.32856181426801],[5.332331288924856,8.331170349060072],[5.324505550285275,8.333778985497469],[5.323493358514489,8.337100945642668],[5.321504612344305,8.341078468154715],[5.322828892945252,8.344396086811885],[5.327475286163932,8.349037953250964],[5.33078838339493,8.355673159462912],[5.341900540797283,8.375239692696855],[5.347706264848061,8.382704199002655],[5.35931332009726,8.395140620312164],[5.372579127607438,8.409240299507262],[5.380873023274086,8.420847316010613],[5.396627067352876,8.43826016475639],[5.412381086977333,8.452355363819851],[5.433111379774429,8.46645062025828],[5.446377240743201,8.479720851437309],[5.453511778975635,8.486289149647176],[5.465725303006798,8.492393630381653],[5.476578757280021,8.499858124160319],[5.490143319024831,8.51817172630549],[5.496247841682981,8.52902512476233],[5.503030095692131,8.534451832527145],[5.510494639363302,8.535129623299364],[5.514565803107261,8.535129630177837],[5.513205755181911,8.53852306653417],[5.52410832214428,8.536931100796643],[5.533869247980973,8.5304253003335],[5.544441764796861,8.523103416974852],[5.554202798178209,8.512530919061334],[5.574536274380499,8.50602510857673],[5.588359458574631,8.497080174566875],[5.599748038560642,8.488946757842443],[5.642849701293711,8.462918947284118],[5.658304921182701,8.459668257932748],[5.688176434364274,8.452850361639692],[5.704661738521515,8.445840594190951],[5.71930096347039,8.44340152644257],[5.748579469029008,8.437707245821255],[5.766473774558089,8.432828922013735],[5.782740599255022,8.427946257482795],[5.790874025650928,8.42713468186508],[5.805513218893867,8.425507103247396],[5.818524901199761,8.427134646278612],[5.8290974315054545,8.426323116437535],[5.8494309581743185,8.422256411665415],[5.865697715903549,8.42306799473633],[5.883587600311154,8.423067984408144],[5.897415296139334,8.423067999544267],[5.912054545018024,8.423879520194914],[5.925066181004408,8.418189734336382],[5.94296054853489,8.412495429263497],[5.956783785577786,8.408428789751607],[5.978744834197151,8.405173616069806],[5.990944989371682,8.40192296750924],[6.013717566260393,8.400295338380353],[6.0202233805526175,8.397856221667361],[6.040556946270159,8.392977947884578],[6.0600744092144145,8.393789562887076],[6.077968736495246,8.397856255714025],[6.082659721288553,8.401762434850568],[6.097486269432015,8.414123019524245],[6.111313901278215,8.431201404850352],[6.113124309269048,8.441466244827245],[6.1137530445842705,8.445024609496452],[6.1137530445842705,8.461291427095128],[6.117003715410373,8.483252456898278],[6.119447370720801,8.510903362974878],[6.123514064955644,8.538554260447064],[6.125137130352845,8.555637028167144],[6.133270571352958,8.56783266234881],[6.139776336061132,8.58084884897954],[6.14790977313581,8.59629957902316],[6.1544200804786025,8.617449111039491],[6.162548979875097,8.63777814171799],[6.169870859689319,8.662989927570266],[6.1836985126988315,8.686578539400761],[6.208535686135113,8.732373567525507],[6.203216041125761,8.734562908492808],[6.185321627898686,8.729680228391622],[6.169059297745678,8.721546802996505],[6.149537366298132,8.720735263157366],[6.144659084435868,8.72968021123614],[6.131647452764153,8.751641316570414],[6.114564604569222,8.758147144386037],[6.084474616663746,8.760586230254109],[6.058446847158001,8.75895869939371],[6.033235076325144,8.758958664163083],[5.999889906087602,8.751641323934878],[5.978744834197151,8.750013714401266],[5.97467817681418,8.75651955464504],[5.943772093932104,8.74838619917245],[5.928321301571802,8.7426963821817],[5.901481997467689,8.750013761100423],[5.886842818753334,8.746763073182704],[5.864881744902077,8.745135473075752],[5.824219161107733,8.742696351821383],[5.795752232305199,8.741880314490228],[5.774607235532672,8.75326889903217],[5.760779548930547,8.773602349159438],[5.74207362099252,8.797998134054303],[5.72824593399298,8.819959215188177],[5.712795186161427,8.82890411275955],[5.69165009205418,8.828092587707326],[5.665622288169495,8.830531749812797],[5.64203814143845,8.83540994348795],[5.61926550838771,8.852488311120776],[5.605437864151487,8.867943538455043],[5.601371127250571,8.87688854827059],[5.572908718288069,8.89234375889123],[5.563147694577281,8.898849622769383],[5.543630200790468,8.916739559126066],[5.539563499885295,8.930567165867727],[5.525419303347754,8.940100739636465],[5.5118502215639555,8.94417191299105],[5.4976078146445655,8.944171926633802],[5.485394403086496,8.94484971218127],[5.473863104128123,8.947560837830512],[5.466403089700494,8.954347540069216],[5.460976298582006,8.9624854243447],[5.457582961868451,8.968589915864904],[5.445373946600819,8.972661083219531],[5.436553811739719,8.975372219072023],[5.425022604367231,8.978765619331053],[5.408064650702327,8.978765642816608],[5.391106708570694,8.982836768943908],[5.375504304113053,8.990296892982771],[5.370077552428863,8.996401391947707],[5.348370618475456,8.998439170998559],[5.332090454088581,8.99572354661207],[5.323270353183903,8.992334703676553],[5.307667951986117,9.000472495350403],[5.297496766278753,9.003188126986265],[5.286643321504132,9.009970397451365],[5.27239646912381,9.014719360537338],[5.254760736143511,9.01675273468548],[5.237802754691331,9.01879049004374],[5.225589331383871,9.02692840819118],[5.208970226680156,9.03507067791695],[5.196761224362513,9.054062009221102],[5.171665364831966,9.087300155668748],[5.159451955244394,9.106973662012777],[5.130962707901557,9.123253885125495],[5.107900223761461,9.135462854027914],[5.0848333191016355,9.150387515415602],[5.06516421565054,9.162596505763164],[5.048206271562436,9.187692298469031],[5.032603915915973,9.197872468545386],[5.01632373268332,9.20533254380331],[4.996650174904069,9.207365917545088],[4.971554330708498,9.200583575086405],[4.96205645618001,9.193123556766144],[4.941705103735336,9.184303427560469],[4.923391603158463,9.176161084273128],[4.911182566586828,9.171416654322293],[4.89896908068987,9.170056588471404],[4.886082300274313,9.167345500223117],[4.8765844201920245,9.16124094699637],[4.876071632362423,9.157646928871989],[4.871683840972345,9.155140878348178],[4.865249336781067,9.150311705939798],[4.857200649015221,9.14870193648402],[4.848086292205692,9.14119282746615],[4.828238818925234,9.134223230358176],[4.815904975817507,9.132613509905719],[4.8105406746954875,9.136368044183742],[4.80088665715216,9.136368067021266],[4.785333371863616,9.135293411959584],[4.772459917305964,9.147627350091499],[4.768705344818192,9.153531142161768],[4.764553902196336,9.149932675507731],[4.751921300058654,9.179857720493954],[4.751921300058654,9.199495537210414],[4.757156280243791,9.22437735879672],[4.754538767318592,9.247943696406473],[4.737518378580778,9.268897028126354],[4.713947629744482,9.278064954704115],[4.68514184329008,9.292467871000698],[4.639311144942918,9.308177244472994],[4.617051315452304,9.330441524021092],[4.60972506401369,9.361757776992608],[4.578422139553708,9.388053109489464],[4.501168217143569,9.44042970906555],[4.443552165572382,9.509831173881208],[4.387247094227302,9.562207800054674],[4.3505843523257965,9.588396078997299],[4.316539094566951,9.64142597606513],[4.282493885618895,9.6944557986378],[4.246205703698622,9.736375807499343],[4.209917577931077,9.778295816471433],[4.206546517410328,9.782188650054897],[4.171194750489066,9.820162274791336],[4.152858942890887,9.862064499688959],[4.1410779681630006,9.86075349336935],[4.127981553549944,9.851590071533213],[4.118818144116941,9.855518517238073],[4.122742156772009,9.860753514197066],[4.1240530886439615,9.875156415391364],[4.114889665096957,9.881706824133605],[4.095247330746854,9.877778389363419],[4.095247330746854,9.867303970526885],[4.0834619359678515,9.851590079302808],[4.080844404278809,9.85159003618204],[4.078222480482676,9.854207565224023],[4.0703655325089585,9.856825052074823],[4.057273590644293,9.856825010649118],[4.052034196870796,9.86337548633937],[4.038942268944189,9.864681984546358],[4.027156837143781,9.856825068970197],[4.021917440776163,9.856825016433408],[4.020610868467137,9.860753506012097],[4.01668239048942,9.868610486797357],[4.0127539763555164,9.885635303705115],[4.011442961344335,9.89872725383537],[4.002279556586257,9.906584112094547],[3.9944225615558793,9.900038211850918],[3.985254693505674,9.893487741951192],[3.982637202382393,9.898727231634487],[3.9800152508625986,9.906584120717856],[3.967248828395806,9.902985651943316],[3.962339367872192,9.907895095520692],[3.9541569073247773,9.907895110636778],[3.9459744212412007,9.90789509638326],[3.936151068773105,9.916077566484583],[3.934514556797097,9.927532970802346],[3.942697013956357,9.932446960587],[3.9590663681092684,9.93408343470363],[3.960702880968355,9.937356442110568],[3.9688852892042408,9.942265887958309],[3.97052623816863,9.948811809145601],[3.965612341594174,9.956998782890148],[3.9590663681092684,9.960271685886418],[3.9492474466795082,9.961908183118188],[3.9410605275299666,9.961908200816435],[3.934514556797097,9.966817667305664],[3.934514556797097,9.970090659385644],[3.936151068773105,9.973363641364971],[3.9410605275299666,9.976636666000772],[3.95252044635095,9.978277544101426],[3.9541569073247773,9.983187019894142],[3.9492474466795082,9.99136950882766],[3.934514556797097,9.999551965724661],[3.9214226213797407,9.999551979008617],[3.9099627755646917,9.989733042453807],[3.8870474015287226,9.988096481267169],[3.8870474015287226,10.004461420798746],[3.8903204118429655,10.015921341368415],[3.9034167929322208,10.019194257363337],[3.8903204118429655,10.030654184872544],[3.8821379664442204,10.035563631669653],[3.8723190290510736,10.042109646225178],[3.8641321528454857,10.050292017400116],[3.8510402034973326,10.055201535094135],[3.8330343701374403,10.047019048006657],[3.823317971724696,10.05430528194043],[3.8180472840473247,10.066830881842973],[3.799118409672419,10.071196334352212],[3.7969334390049982,10.06610404461837],[3.7940216348551745,10.062460927684105],[3.7845549998002803,10.062460976663234],[3.7801895023930028,10.052271887258057],[3.7845549998002803,10.045716993802568],[3.7881980601941034,10.038439728374536],[3.7881980601941034,10.034069859551865],[3.783828140541318,10.031158055988676],[3.7750927598987163,10.033343020257057],[3.772180963442575,10.040620289130143],[3.771454125761705,10.047175179084533],[3.766357405212412,10.053725588646115],[3.7619874997691993,10.05882234397085],[3.7576175822954525,10.063192255586928],[3.750340284398399,10.068289018096515],[3.7459703609591792,10.077024408931234],[3.743058604792672,10.084306067368537],[3.7350500251767156,10.087944699771864],[3.7343232535699276,10.07993616994752],[3.7365081706724275,10.074839384745879],[3.7365081706724275,10.068288979990658],[3.7306845938224544,10.068289014159452],[3.7153943706239896,10.089398363894476],[3.714667493490062,10.101776851784056],[3.712482588087531,10.108327280991945],[3.7073858227694667,10.117062673657921],[3.7073858227694667,10.132352916599087],[3.7073858227694667,10.143273234166738],[3.703015882791437,10.152739903371586],[3.692826861190925,10.15783218950126],[3.6884569399527747,10.161475319649046],[3.6848183233840412,10.170210671311823],[3.676444099656914,10.178598202374639],[3.678994729080818,10.166572064580803],[3.6775366138114975,10.154193603183257],[3.6738979322838294,10.138903302106554],[3.6709861389728986,10.12580246565264],[3.665158104648318,10.1097853632343],[3.660065798792346,10.102503631773633],[3.6476873205654723,10.102503691542605],[3.6396788270803775,10.09813373583851],[3.625846647330845,10.092310210890185],[3.6171112841494453,10.079936127566517],[3.610556448971586,10.064645880380736],[3.6120145594274358,10.044990224378768],[3.6120145594274358,10.023149512926352],[3.6098296121272697,9.994027157383217],[3.6069178105378925,9.97000151999858],[3.6003673955129503,9.953984415460742],[3.57561040577583,9.929963249927459],[3.5632364164705685,9.916857885817404],[3.563963273427686,9.897202165573464],[3.551589228308664,9.880458283706163],[3.534840896596031,9.865168006919065],[3.5268323423878156,9.860798077445349],[3.515916475420678,9.861524903150423],[3.513000180472552,9.857159500048052],[3.4991680749491993,9.855701383525203],[3.486062756760304,9.860798143879988],[3.4678651976862125,9.863709863878075],[3.4474781854362058,9.857886312215134],[3.418360245574408,9.84987772075291],[3.3783175241752383,9.833133839482626],[3.3535650657085623,9.82367159015397],[3.3317243592756443,9.8025578119357],[3.3237158265743805,9.77998580983801],[3.3244426405751284,9.75960322552737],[3.339001622112408,9.726115386216714],[3.346599907816827,9.710811781202633],[3.3491951498711243,9.703543442322978],[3.3521068976356987,9.69844672839806],[3.34846827765658,9.686072724022125],[3.3317243592756443,9.671513708625085],[3.3171609247513345,9.659862065772641],[3.306971884189147,9.657681561671529],[3.288769835705966,9.661320251930869],[3.2676560365362595,9.657681622643533],[3.25673565094158,9.64239134884075],[3.253823877994081,9.613268912845825],[3.250185249605614,9.603075406504516],[3.232710044475419,9.574684300368592],[3.2217897216503686,9.56303712869751],[3.210869390269443,9.54702008737504],[3.1992221700622268,9.522994475623596],[3.191213611212281,9.51061596194887],[3.1751965408262093,9.502607429489373],[3.1584526541812665,9.493872023717428],[3.1460741346998113,9.480039929059501],[3.1315151614182613,9.451644324038266],[3.131515161418261,9.437085371486294],[3.1446204597445355,9.390492263707868],[3.153355873813254,9.369378429777507],[3.151170915712519,9.353361337243177],[3.151170915712519,9.334432476276099],[3.153355873813254,9.30458770654469],[3.1584526541812665,9.285658774688953],[3.1460741346998113,9.268183605715944],[3.129330269212887,9.258721385346892],[3.121321677669521,9.239061145598543],[3.122052981003788,9.208485142328545],[3.124483188161118,9.191745696820824],[3.1205948234554377,9.188829446284062],[3.109674501130815,9.164076921086366],[3.094384257910695,9.13932450126931],[3.0907456204583097,9.118210659663566],[3.087833837378068,9.102920398814584],[3.0783716407134256,9.095643140867832],[3.04997609266732,9.086907742569544],[3.0303203163634325,9.081079697798284],[3.016488211515335,9.075982945508835],[2.9997443214930897,9.0730711402353],[2.986638983986214,9.071617498962553],[2.9764455313841855,9.075987404852727],[2.9647982893690283,9.07962606442313],[2.9597015966712843,9.086907746462327],[2.9546048373096854,9.091273192257884],[2.912377159703242,9.089088210173376],[2.8978181644504883,9.083991512327495],[2.886170992191897,9.07671422985571],[2.8810742481326193,9.069432554612433],[2.878162470806447,9.063608923838528],[2.870880725450078,9.06288210988853],[2.864330293744164,9.062882077390597],[2.8279262380404684,9.065793932414005],[2.779879408718956,9.06506261511023],[2.7784212513573956,9.05268862485969],[2.783518047215881,9.046133733979817],[2.783518047215881,9.037398373544793],[2.7827912240015764,9.030847908298105],[2.779879408718956,9.02793611659692],[2.7747826263654165,9.025024298261014],[2.7784212513573956,9.022112564167424],[2.782059929282241,9.022112574800147],[2.783518047215881,9.017742620787882],[2.7827912240015764,9.014830866388579],[2.77332455070055,9.011192230739516],[2.77332455070055,9.007549132958205],[2.7776944307352958,9.006822291406175],[2.780606263027582,9.003183667144704],[2.779148083185577,8.998086909055141],[2.779148083185577,8.99226335385991],[2.7842448816319867,8.990078385758087],[2.787156662527436,8.987893425244124],[2.7842448816319867,8.982796638750207],[2.783518047215881,8.980611658632883],[2.7857029911375184,8.9747881072476],[2.7878879602882916,8.969691314356458],[2.787156662527436,8.96314094123263],[2.7776944307352958,8.95804414576167],[2.771870849963906,8.953674264168159],[2.774055785884179,8.95149377786112],[2.779148083185577,8.948581942707234],[2.780606263027582,8.943485173455624],[2.7784212513573956,8.936203468775977],[2.7747826263654165,8.928921767018496],[2.7725976567449044,8.924556296518052],[2.7704127124761153,8.918732740529904],[2.7667740981904,8.916547800526063],[2.7645891202134107,8.914362815598812],[2.758765564564888,8.906354308900271],[2.758765564564888,8.903442513115774],[2.7631354611865624,8.901257537966138],[2.7667740981904,8.903442467706414],[2.771870849963906,8.899803841105932],[2.7725976567449044,8.892522170601639],[2.771870849963906,8.888152254334567],[2.7696858634408925,8.870681509141859],[2.7667740981904,8.867042824848433],[2.759492396951019,8.864857915100652],[2.7580387434017037,8.857576137786387],[2.7609505001457633,8.851752605738044],[2.7609505001457633,8.84228590505913],[2.760219240559821,8.836462315357773],[2.759492396951019,8.82918508815098],[2.759492396951019,8.821176496904767],[2.760219240559821,8.817533447238018],[2.761677366267084,8.811709830472488],[2.762404167663854,8.805886284117223],[2.7580387434017037,8.803701275587672],[2.7536687883782416,8.800789505116388],[2.7471184128508965,8.800789538970113],[2.739836640349304,8.797877709571575],[2.737651698508048,8.788415500513086],[2.733286218137935,8.782591919973044],[2.7296431886371293,8.773852128229361],[2.731101277283114,8.762204915722519]]]} | {""type"":""Polygon"",""coordinates"":[[[6.941067950301805,8.292955885465487],[6.953018343268792,8.283765661617286],[6.9594527646295505,8.275489572347203],[6.964964269050202,8.265380829701956],[6.9704801684013376,8.245154343071869],[6.972321772575229,8.224932318859786],[6.9796747696954204,8.211144715966432],[6.992543790263667,8.195515617318557],[7.000815368719688,8.181728071605846],[7.002656999649726,8.167017454332788],[6.997141115405472,8.15322996456897],[6.983349116614668,8.115541588614368],[6.98702784884901,8.092559389936605],[6.98702784884901,8.077853258620278],[6.977378396560079,8.050273771492991],[6.9709394377515315,8.03005172499831],[6.972781054757581,8.019938461146207],[6.979215521457611,8.00063507377519],[6.9782969526119505,7.985928961659419],[6.9635863497058805,7.960186546220104],[6.960830679434936,7.9427247337719376],[6.957151852122543,7.929851248359828],[6.9525545287950985,7.917905349332026],[6.954396205332747,7.905031905700476],[6.959912039047469,7.8967602750416805],[6.962667834767071,7.887570116917903],[6.9635863497058805,7.8792939661264905],[6.9662886229762035,7.886807550272549],[6.97802942501741,7.901607289880827],[6.987843906305954,7.909517751225257],[6.991732183604527,7.919363471618514],[6.994652948476766,7.925271782395506],[7.0044941721316745,7.928272744852002],[7.0153342502039,7.928330696062435],[7.052933367444867,7.932281474596849],[7.072847765685838,7.942742530256529],[7.117853457164896,7.959027156749267],[7.195901110258511,7.993023350995041],[7.253842623819049,8.015046887962736],[7.305554815820958,8.02557928493965],[7.393176143879151,8.041859457606153],[7.404484486596423,8.042965319340286],[7.432442975662116,8.045694254305594],[7.445784663002833,8.044860373718686],[7.450997344527472,8.046519190269581],[7.505344842510742,8.047196977261489],[7.542712123584395,8.043121342378427],[7.583472730280963,8.037685727693525],[7.624915691172588,8.029534444333088],[7.665676288895103,8.019345409386206],[7.677225356568058,8.016625406264263],[7.676837389591882,8.014471673948462],[7.697465221881072,8.013664546944252],[7.738404226515615,8.00621786014336],[7.760730929409914,8.003426413938827],[7.782593958943798,7.998775640845479],[7.810971628510153,7.991333359200253],[7.8384174440880034,7.985286816374534],[7.867258854593988,7.98621434881772],[7.8703490227759945,7.985335830588328],[7.8799093394997755,7.985362639130987],[7.918043596876152,7.975713168536519],[7.964899841495582,7.959575620046732],[8.062915309315272,7.926988514292276],[8.063361252072255,7.925601715568749],[8.080403881868726,7.918658955878961],[8.08586185680794,7.912166441041824],[8.09241230131354,7.904585976695568],[8.100032852152886,7.903520304009852],[8.120718610105266,7.903569357289242],[8.13921941939384,7.904697525149238],[8.143575959067139,7.90362288440843],[8.144677387613593,7.898205068585025],[8.139250674731208,7.890597783805652],[8.101981495704157,7.867125097590751],[8.113807012704507,7.863869942488905],[8.139393365934795,7.861546740236552],[8.159860606181706,7.859687327512589],[8.175677063847662,7.855031984811023],[8.180359096046974,7.852579547515516],[8.183123757897892,7.853172590307605],[8.18544691842014,7.8522406406042755],[8.191029776927461,7.848985515346933],[8.215220344081471,7.834564784089975],[8.25150409903266,7.822471667972722],[8.274762713575347,7.814561213845545],[8.301744732021083,7.802468131658802],[8.328726808047273,7.791766316810436],[8.3454706762244,7.784324063240447],[8.36221906846656,7.774554164151926],[8.372158442135747,7.770001395795304],[8.385477729057609,7.768043875769459],[8.40315362442453,7.7661844677593335],[8.411991592786556,7.768507631925551],[8.411996026546305,7.776418096979903],[8.406876965859011,7.7871154897484605],[8.401294198000292,7.795953401156436],[8.393851936898766,7.8099103833375265],[8.392919991892434,7.820144022627155],[8.396643325211135,7.829450192047372],[8.404660856065652,7.836758602414917],[8.405387673949177,7.861025079594209],[8.397722439073643,7.879962873505697],[8.378784675240857,7.915582131092945],[8.378494769927224,7.9161573766770905],[8.368872091857908,7.917098213954538],[8.364511083214246,7.92034443638147],[8.364502137732147,7.925771219633623],[8.367115183812613,7.938916633452709],[8.363454269721696,7.946242913265977],[8.360297211297242,7.960672600676276],[8.360297211297242,7.987275604021916],[8.363454269721696,8.01658529064665],[8.371119496317231,8.046345294607418],[8.39050759382337,8.077906784255184],[8.426577322664006,8.112174977756279],[8.46625887594809,8.139228328019144],[8.472742405240275,8.142470135544139],[8.48609734131856,8.149149860359461],[8.503684056783056,8.158166160177464],[8.512678111089668,8.157778206687627],[8.524423383491733,8.157265424284168],[8.542397977133161,8.148730725148042],[8.553634926566573,8.151691587950872],[8.565612051742436,8.153876515016417],[8.588487259250984,8.156070397493417],[8.595024298076671,8.15282420216099],[8.621654051376211,8.120214726051998],[8.637149398328033,8.116232744994825],[8.696669496185113,8.09639424929105],[8.780536256034747,8.075200151688605],[8.819763028104042,8.070241610898348],[8.841857867185254,8.067084551408637],[8.910849023529494,8.056262365240602],[8.971265450563084,8.057617894968647],[9.025376604920734,8.062576379214201],[9.050173639637867,8.075200157482785],[9.055992789331455,8.077273630127022],[9.056973796388316,8.07764374033784],[9.06170935684745,8.070830189571781],[9.063390416274153,8.067476933380501],[9.063390416274153,8.063459337547929],[9.063385944875481,8.059437206141622],[9.063385944875481,8.052066325675954],[9.097165929355365,7.9914136610754385],[9.130945800355644,7.930760971994432],[9.13565020885183,7.924727754437642],[9.156826468866077,7.916005750952493],[9.164219597767302,7.911310321838926],[9.172959446573925,7.906280498491642],[9.173730854192035,7.905210245097845],[9.179126437197983,7.908081909204855],[9.18679158646124,7.91150651744482],[9.209756005517422,7.921766909352252],[9.220373076307421,7.926511402344941],[9.250726162487501,7.944726809889854],[9.281079311861474,7.95585671242542],[9.305363534221286,7.969006627661665],[9.314584981125964,7.974054347450549],[9.319115439675853,7.97653357054497],[9.335516011831286,7.985509806046747],[9.339324078665102,7.990240867517637],[9.346026129139828,8.001879109184198],[9.351711430154994,8.006592430800639],[9.359693278723904,8.012505173508377],[9.368829920338925,8.018435792539146],[9.379050172343996,8.027844521008802],[9.387054256899855,8.032602313003602],[9.396164218900227,8.039683378341984],[9.404141593111872,8.045596200384592],[9.415378482325178,8.061925409832222],[9.414027401916574,8.071102230402131],[9.403423654424552,8.08010513495142],[9.398652410833062,8.086914233442235],[9.395036081580853,8.09374998126955],[9.392556809340833,8.101754118391712],[9.392217966327566,8.117855885397798],[9.391910213374826,8.132811702178591],[9.386947274252135,8.14882437284753],[9.391428636961251,8.155816228121315],[9.400614400571246,8.159450408710724],[9.406277485142684,8.165314139740465],[9.411824625034301,8.176930054723915],[9.405822682053884,8.187168147766211],[9.397533134463854,8.19621120589264],[9.390469982189163,8.201829686302803],[9.384365417910786,8.204759351402206],[9.38214039925186,8.20582507206037],[9.380124814424537,8.2085852210789],[9.374831864280342,8.211809173200391],[9.37125122446124,8.215108885216116],[9.364250463250338,8.21825256745372],[9.358957524336908,8.221476485961368],[9.353749260360706,8.222970249311727],[9.346748474833536,8.226113975565669],[9.341455485183127,8.229337912754568],[9.336166986998371,8.232561816160535],[9.32956757557904,8.236311944344077],[9.325902162820604,8.24544415824311],[9.323422956400345,8.253452660149321],[9.325518651542517,8.263851353224657],[9.330031265769817,8.269692719304311],[9.335694373430862,8.275556477518537],[9.342467747126062,8.283743404118187],[9.346855489554244,8.29533702843495],[9.35018199021069,8.302306626068228],[9.354547455432526,8.315050757223336],[9.356625407083902,8.326595339461383],[9.359951882426557,8.333569393694194],[9.363278323852953,8.34053892953339],[9.367831135279141,8.344079493779978],[9.37696783938038,8.350010053198554],[9.382751259063818,8.350121531999955],[9.389716331717281,8.349109326014727],[9.401408139103818,8.343584500297164],[9.40844461242165,8.33912097704122],[9.420154172540398,8.332441194958049],[9.43182370378274,8.328066874426678],[9.4435109956864,8.322542048896622],[9.45283940613817,8.319273488608951],[9.466867746608015,8.312642788729589],[9.475036832784053,8.309351978602022],[9.483205878847238,8.306056733600219],[9.49250756472838,8.303938647846843],[9.498295461391939,8.304054595420027],[9.504056618499447,8.305316490966392],[9.512203418996696,8.303176162678405],[9.518009150805932,8.30213714382408],[9.524929661948557,8.303421402763993],[9.535341719840137,8.303626492741776],[9.543439399444477,8.30378701013612],[9.546886299445644,8.305004405756756],[9.561971423419525,8.302997761282809],[9.566649046736995,8.300786047905534],[9.584075214759151,8.297678091023712],[9.592199710492306,8.296683645839462],[9.600368732146338,8.293392876342928],[9.609674867050687,8.291270295413405],[9.615386996989923,8.294837629468864],[9.617531821843343,8.30293087407606],[9.613750491211693,8.31781980561767],[9.612332557485084,8.330447991860595],[9.612114017421659,8.340802033288902],[9.61196690876905,8.350237460028303],[9.619939771926086,8.349229697875247],[9.62222725270301,8.349550761035324],[9.623698785934346,8.351499392691963],[9.624684268084094,8.354589541589258],[9.624523715508472,8.355726662782272],[9.624042144574908,8.360604875213326],[9.621116930326105,8.370691345343344],[9.618303262121884,8.377767940573424],[9.622798007112713,8.38358707063149],[9.620702230264026,8.385410877515207],[9.618508397459236,8.387319354464248],[9.621473699740251,8.388991538422728],[9.621067917122904,8.389504296436025],[9.60886783461974,8.40215927481156],[9.575995317551849,8.42373236720387],[9.571772544134273,8.428882654454227],[9.560495459596268,8.431241507193489],[9.545914210807913,8.426118038814993],[9.529692005847846,8.423799310381401],[9.508542489447276,8.426171557921167],[9.491624657694143,8.430871443892132],[9.420675914810452,8.462303650236361],[9.397653600805317,8.47589493763728],[9.377913123556777,8.485740690300984],[9.36240433975905,8.489967844699045],[9.345950271360202,8.491854102230151],[9.336541575195412,8.489058242362965],[9.318673985834915,8.48673500255688],[9.310206169783669,8.482530057960933],[9.301265637166681,8.475052214896904],[9.292802257301538,8.470847264772594],[9.28621617762873,8.468983339469318],[9.274537831573074,8.463627975568254],[9.273347174846728,8.463868796596236],[9.263911779943808,8.459596919499802],[9.2619007272289,8.461434084127625],[9.254297948251743,8.459164420110472],[9.244684075348685,8.45874076474997],[9.233143949382123,8.458227956972648],[9.21584264395139,8.457461011677873],[9.211994478562097,8.457287131636726],[9.20229141304589,8.458789833671654],[9.18462892978124,8.465728184685826],[9.18261790986343,8.467565370730766],[9.177026168650123,8.463458552461127],[9.174925955039601,8.467226501160336],[9.158066084922146,8.456823403877365],[9.15623335872614,8.454812295736957],[9.152474365573646,8.452716514301645],[9.148898143579308,8.446763608535928],[9.145821367451854,8.443388108220889],[9.138597645351986,8.438313654212697],[9.136755991474175,8.435446421491928],[9.132395015431232,8.428659658964781],[9.128457632893541,8.430412119469095],[9.127534595488118,8.43373860271112],[9.124435507000396,8.434095358519105],[9.121528189177438,8.438224480807161],[9.118429080424077,8.438162079156717],[9.111245483405801,8.43802379097243],[9.101092146331753,8.43885323579671],[9.097159177208658,8.440605649913188],[9.096802495872405,8.448315393217456],[9.09845678151064,8.45417917236316],[9.100204791043815,8.458116506599184],[9.103187890330465,8.464234376310324],[9.102122159344205,8.469861814180954],[9.101413227383798,8.473616359907547],[9.095366671299912,8.477986310631922],[9.088303469781623,8.483604738797345],[9.083286918807405,8.48632475905242],[9.08010761283889,8.488046041951332],[9.075791163210072,8.485990390820184],[9.06993639193137,8.487662548315686],[9.066351296747152,8.492518471651179],[9.063791746421417,8.493481647612345],[9.05987664947178,8.496866094629429],[9.059519966541764,8.50457142716921],[9.059163200852371,8.512281217834841],[9.054128917759535,8.516071438591563],[9.049362093480884,8.519665472179845],[9.043382415819819,8.518354547508793],[9.040198634201637,8.514885341509876],[9.036778497139311,8.512513112167724],[9.032154394846877,8.513012487051206],[9.026384386337837,8.51275390227768],[9.019468300765167,8.509873325657425],[9.013635813684708,8.512062752136327],[9.010278117150087,8.515273244819584],[9.005145691008739,8.513739332798865],[8.997275376557178,8.517253128510212],[8.994738119535574,8.519576314621254],[8.990617905927971,8.521105801336372],[8.988259043308103,8.52288499063094],[8.982462235431651,8.527254892642196],[8.9790019521194,8.530585820866682],[8.975144814543318,8.537506395286941],[8.974966495285656,8.541359019776268],[8.978453485289085,8.54923820990113],[8.984018476953278,8.553229145005893],[8.984094246008674,8.558160912290461],[8.986069661157007,8.561982399308592],[8.987380619747372,8.56452405792546],[8.98630599283011,8.566468225677895],[8.983220251428982,8.572033192442035],[8.982413184614183,8.574302885271674],[8.981021907126923,8.578204550194464],[8.98318013387756,8.585111690314458],[8.983429857539065,8.596580521165833],[8.980531409287854,8.601173401280288],[8.977793526650824,8.605191037828057],[8.970021330504194,8.605570085621038],[8.9641665450188,8.608905482778658],[8.958311689531506,8.612245344142007],[8.951177136961888,8.621310739869749],[8.949754735412908,8.633943317809603],[8.947324479895624,8.639646510444193],[8.944497447983872,8.646669646666938],[8.942276767362575,8.652190004471619],[8.941786258293304,8.655583335016644],[8.941023755687226,8.659605469264942],[8.94045744308777,8.662575255641865],[8.940243402753788,8.667230532015227],[8.934798921635677,8.667881577614509],[8.932221480644554,8.671404249711964],[8.929216103203268,8.67317898930345],[8.925706788760767,8.677201053906861],[8.91982524091194,8.681686936575964],[8.913948092095696,8.686177247630743],[8.911807764768321,8.698769749170808],[8.910737538835434,8.702992536704592],[8.90765636342666,8.710220688960817],[8.902836086596299,8.71933068262129],[8.896887642840193,8.727267830441356],[8.8921386588695,8.73293091663227],[8.891933505490233,8.740355359637691],[8.896031455763227,8.748279175350493],[8.899371311892148,8.750972433130743],[8.904410116405083,8.75503467894435],[8.90469099501815,8.75812480002653],[8.901088062354221,8.763948425276565],[8.901632116190449,8.76513456260383],[8.903567318223867,8.77066825950679],[8.907197056132105,8.77596572830571],[8.911553553208554,8.77981839955261],[8.91696694729618,8.78366208801465],[8.919151879461223,8.783296479846834],[8.923967686371185,8.782484946343615],[8.929042183446956,8.784491466374547],[8.932707550176806,8.785508211888345],[8.938325994648707,8.793672826004302],[8.945148450697383,8.799558830155368],[8.949032339839416,8.810479107640163],[8.950597440354054,8.815776550504019],[8.95096761670924,8.824190850519189],[8.951101315334325,8.82714284353107],[8.950066862901526,8.829831632917859],[8.949799300908301,8.835606169604441],[8.955301859448408,8.841643771847808],[8.95704536303999,8.845581149499136],[8.958788821028458,8.84952301989514],[8.966391635776539,8.85178823907494],[8.973994342196965,8.85405795092517],[8.985619250685511,8.852644404209824],[8.989552169366208,8.850887494849223],[8.999081262019343,8.853241930737786],[9.003014177202218,8.85148507677592],[9.010616957695058,8.853754733635512],[9.016208668739608,8.857861584466328],[9.018041378396743,8.859872580096159],[9.023539424840305,8.865910222253158],[9.025198256520817,8.87177394691958],[9.026763351224368,8.879563964528788],[9.02850691665213,8.883505875668675],[9.031820016007428,8.895233270909944],[9.0390660221612,8.90520825104984],[9.040809521031203,8.909150112530602],[9.044479411201062,8.913172274948273],[9.044301019791645,8.917024873840523],[9.045955394102583,8.922888594506174],[9.053290590519559,8.930937291269803],[9.062547688620395,8.9390707087299],[9.068228532714931,8.941251215668162],[9.071893953205311,8.94527775796019],[9.07346351325143,8.953067829457982],[9.07118048104187,8.960688404927966],[9.069080264062281,8.96445639415323],[9.067069197166484,8.966297999051942],[9.068366817154,8.979871471362747],[9.070739036003642,8.987839847420348],[9.069838266233186,8.99187089801139],[9.069753555925642,8.995415878265316],[9.069080264062281,8.997752458503346],[9.066962216177997,9.007928168408831],[9.062739366404234,9.018228693497724],[9.060153105153267,9.020596404048861],[9.056706209461941,9.023753525560107],[9.052768854803125,9.025510336675163],[9.049558294399759,9.026165851610509],[9.044992151675665,9.027093370507034],[9.03922213594273,9.026839192641331],[9.027775619686896,9.02440005311204],[9.023927398777118,9.024226126372486],[9.020172791517227,9.022130372670679],[9.01632460306187,9.021978791590527],[9.012275771320883,9.021787032475423],[9.008891322603908,9.020765872628571],[9.004338568549851,9.02106020595013],[9.000945186838004,9.021278650181397],[8.998666603528292,9.020369018909937],[8.995291082886224,9.019022367740446],[8.992651223548409,9.0189376834589],[8.989494179684739,9.018839526112224],[8.983612662840295,9.017693554115208],[8.977664249230129,9.01653867467765],[8.974199457410043,9.016231001558648],[8.969526350788104,9.01602140747227],[8.966815224955052,9.015040406426204],[8.963751817369115,9.015762781099388],[8.960741947653961,9.015629036877273],[8.95488271326602,9.017301191229436],[8.951128105634375,9.01520541383782],[8.943021423771325,9.015579945217272],[8.92988938264132,9.016190811648109],[8.92727192966745,9.016074939238834],[8.924119361513988,9.015936665165738],[8.922799435471523,9.016204264936903],[8.916338241111175,9.017519669631168],[8.907393240219701,9.019321138163559],[8.8981629327689,9.02104677843842],[8.894921120524586,9.022362236015255],[8.888393031919241,9.022072416561176],[8.88535633950805,9.021608638789145],[8.875515152849035,9.025358722511513],[8.865812126072715,9.026861510639813],[8.861963920473446,9.026687609204231],[8.85024989633492,9.030031886733067],[8.844479779569765,9.029773279481258],[8.838714212699031,9.029519137998689],[8.823241087742744,9.030763176477457],[8.811727660196876,9.030303935877441],[8.806028936133842,9.03274304871966],[8.798154156384594,9.031579239578626],[8.794042859174828,9.037188780964634],[8.78992715617238,9.04279387550648],[8.789748754855786,9.046650978779809],[8.78948123772341,9.052429935327696],[8.79306185710287,9.058378413681824],[8.794805439645192,9.062315818333737],[8.796548893271012,9.066253216819971],[8.799438424450779,9.071158217166525],[8.795665979102456,9.075639570199453],[8.791902545251506,9.083425161165124],[8.784121421589942,9.085008118607961],[8.780188491708955,9.08676505312306],[8.778177424053553,9.088606675184758],[8.774150822566737,9.092289837469556],[8.768844515299298,9.095304247049736],[8.768505628703958,9.097863773496261],[8.76409561576997,9.101493467809272],[8.7600689914933,9.105176636938934],[8.761634166304848,9.11296673897954],[8.761455746203993,9.11681935315763],[8.76127741055652,9.12067650363895],[8.764768897379158,9.128551299977564],[8.767524614179528,9.136283383363303],[8.76789921703938,9.144135867313148],[8.767711873358362,9.149914845113056],[8.767551341449284,9.15741947634139],[8.76499632350015,9.16524077071709],[8.761063357898545,9.16699763766371],[8.755025754199899,9.17252250670323],[8.748992572042004,9.178042846140908],[8.746223484526888,9.17864481052142],[8.739396602411166,9.180125227342572],[8.733430339416019,9.181213260363675],[8.721716250545514,9.184553158382077],[8.712013235199688,9.186055816418286],[8.708080369452505,9.187808250123306],[8.696335041530599,9.187094855935177],[8.690774558063577,9.187041324904335],[8.687015569689846,9.184945525399518],[8.681160747602107,9.186613277522063],[8.67731257230266,9.186443750823681],[8.673290403892231,9.190126982355464],[8.66752040114491,9.189868419284542],[8.663498243348634,9.193551555967103],[8.661482753334763,9.195393217859694],[8.657808458517097,9.207691393140193],[8.656925539465524,9.21063442770302],[8.656657980076822,9.216413375584905],[8.657496330360862,9.218362024164081],[8.659734801688177,9.223552398626154],[8.657099436784582,9.226499924909351],[8.65334042212601,9.21976215219499],[8.65334487005828,9.214192772472881],[8.651106417902046,9.20639381704678],[8.644382056405938,9.200819959406408],[8.626447586815981,9.191892786035258],[8.626465456176428,9.17407422439899],[8.62424926795023,9.14956704528942],[8.617547236225969,9.123945026088757],[8.611170732171491,9.105943602799767],[8.610225361623899,9.105056256556036],[8.604977011308266,9.10014237485175],[8.59452491878987,9.091536316996823],[8.586618894440978,9.082939119104697],[8.579983728090092,9.074342028659824],[8.576050861879452,9.070658806479013],[8.570731097676152,9.063292299174357],[8.566833834731078,9.06083091729566],[8.564024643438943,9.052247122692819],[8.56245059623737,9.042437161483996],[8.559677023185357,9.03507962306243],[8.559489685558649,9.028952806326368],[8.554129846244274,9.02036010361391],[8.547575041860156,9.01421545120174],[8.541091447741021,9.010523347880998],[8.533261291760212,9.004378676588184],[8.521721158158682,9.001899401148753],[8.51403809701327,9.000655378579234],[8.508941312580308,9.000641946695886],[8.504343989170696,9.001431240068689],[8.498587301753073,9.01130817189426],[8.494181720992753,9.023642023889042],[8.490659049683602,9.037737191958879],[8.48661459571553,9.042784940126062],[8.479083230139526,9.052202564399346],[8.476559378486389,9.055355099784805],[8.47436992642238,9.06997207115335],[8.473919568639516,9.072973061827069],[8.471417992854864,9.076598328830944],[8.466700313860835,9.083438517354663],[8.462334855501046,9.089770460001356],[8.456301636435114,9.09851921065642],[8.454326300717861,9.101395314257788],[8.446607596579083,9.112618949519375],[8.441974579235275,9.116480483170578],[8.43696702761839,9.120649754593044],[8.43075100555074,9.125831242176908],[8.423005527625245,9.135596700357375],[8.418207563714148,9.141692274030092],[8.409547961910969,9.150699670703979],[8.395827350843359,9.16222640378274],[8.387765274043618,9.175688399672781],[8.381486861031847,9.18109289510745],[8.380675316996838,9.181792918267986],[8.366620240515983,9.18353644797133],[8.339508897397808,9.188963189592615],[8.335130054371028,9.192427900611785],[8.333778912991923,9.19265979468297],[8.332677577128235,9.192851491553327],[8.331692079643068,9.193020995568755],[8.327366758601162,9.194345330659727],[8.324588745361819,9.19519252807872],[8.322484038825996,9.195839155709457],[8.318662564441066,9.19700736077247],[8.315255847219865,9.198050818192156],[8.312005178677952,9.199049627809993],[8.309815700792381,9.199718555232653],[8.308228269524875,9.20020900000153],[8.306159279935326,9.200864509086522],[8.30283725529385,9.201912450252117],[8.29978275806178,9.202875564513839],[8.298039261052892,9.203424050847001],[8.296255629172848,9.203990382818038],[8.294405054207463,9.20457450744515],[8.292857793227695,9.204770719630288],[8.29085563125053,9.205020371869775],[8.289174565292313,9.205234479302565],[8.286557079334472,9.205564453068481],[8.284907177904659,9.205778414972247],[8.282463627613168,9.205591136264188],[8.28085390156325,9.205466276528435],[8.27874918502656,9.204712712568412],[8.278209654385492,9.204521023923425],[8.277705784256193,9.204342590027853],[8.275815091081784,9.203664854589485],[8.274281161716802,9.203120837598929],[8.271837545259297,9.202246834307521],[8.268934702449167,9.201225681833035],[8.264743123999121,9.19974530390542],[8.264199103739085,9.199553529576399],[8.263641729252136,9.19935736907499],[8.261786794567424,9.198701862371946],[8.257858257318773,9.195910436290767],[8.255655522846071,9.194340870232757],[8.25517392867035,9.193997537877792],[8.25323865135774,9.19261963833424],[8.25101802433823,9.190974256749422],[8.248137452712102,9.182247812019046],[8.255878414610814,9.178689442306029],[8.25411708716089,9.174283814298402],[8.252279921954512,9.166939667309538],[8.251472879301158,9.163711320936349],[8.243544580795504,9.155783037642559],[8.241190203280576,9.148719825897151],[8.239852461610717,9.144702170650358],[8.238260523934438,9.139926455573551],[8.231598612335452,9.134035999652935],[8.229939842125873,9.132568969796147],[8.223496470946046,9.126865772386532],[8.215354172490331,9.119664278995137],[8.206230787060122,9.110540945724345],[8.201067197129056,9.105377320165442],[8.186075675597733,9.09038579818922],[8.18187964298418,9.08618979618706],[8.17538720381637,9.080263653374397],[8.165407746161295,9.071158185680602],[8.164801344649568,9.070605289467013],[8.16041802750127,9.066605472863824],[8.15538371502955,9.063073879036057],[8.149355018158978,9.0588465795261],[8.143116688110059,9.054472230885889],[8.139981970098498,9.053366401897692],[8.135277603554298,9.05170757578814],[8.128138620912893,9.049188182423064],[8.107876393585066,9.052710861371072],[8.10259237355048,9.063283410138297],[8.101375038114098,9.07544787793744],[8.100826564889925,9.0809013226772],[8.100701692842946,9.085690422321335],[8.100429707438645,9.09603555072335],[8.099948133326405,9.114380292571697],[8.099702890790166,9.123632907043126],[8.09906521408543,9.147854741474667],[8.098958254882698,9.151248079189246],[8.098592562223812,9.16277934900043],[8.0991633434612,9.163385779751044],[8.101901273070663,9.167175998525849],[8.10612845156847,9.173815652085047],[8.107524152523348,9.178551192478324],[8.108028021057056,9.180397250587458],[8.111091463521154,9.191518244415679],[8.114123623687435,9.202545621987007],[8.114449151204417,9.210041381984833],[8.11449372700789,9.211071367765127],[8.11493073796546,9.221166772938915],[8.114997643783017,9.222718548147377],[8.114908408266682,9.224346135430324],[8.111091463521154,9.229059454971168],[8.095640681787565,9.240082335895467],[8.09363848260278,9.241513657661137],[8.093308550259003,9.241830249112285],[8.088167180112828,9.24681556741721],[8.084854097284762,9.250084057707756],[8.076399629059322,9.258436006904002],[8.072720854585992,9.262351041377256],[8.063566323383435,9.272227938396535],[8.061648933434519,9.27234394398526],[8.061091518585679,9.272517814472353],[8.059298994743664,9.273084161957918],[8.04576558102942,9.277355978972032],[8.040240790822414,9.280972291519731],[8.031117495428223,9.286938546336998],[8.025481148216247,9.29062180638678],[8.022863685142832,9.29233403973442],[8.015778187493412,9.296868969313458],[8.006057312934953,9.303089383828471],[8.000840195391111,9.306429304846251],[7.9973129982823,9.314357558571894],[7.9973129982823,9.317782144669497],[7.9973129982823,9.324930123179488],[7.998343080713376,9.328626697991039],[8.001718590062932,9.34078662666276],[7.999078779705978,9.354003398098946],[7.99322849997497,9.359291919607553],[7.987177499773136,9.364767691789584],[7.980578031948702,9.370742932734984],[7.944075829788857,9.398875364227216],[7.9382878738091485,9.40333448052837],[7.9206699603901605,9.405100282035521],[7.914797316444512,9.40046280275662],[7.903930507515052,9.3918834571952],[7.901638548343313,9.389020753646959],[7.889835321508465,9.374265577452311],[7.883909150115198,9.365044150021003],[7.881907015924179,9.36193169543328],[7.878433416957943,9.356531705181352],[7.865867637627037,9.33698304814461],[7.85812215728944,9.324930064167205],[7.854626223399088,9.319998329269152],[7.846657839742441,9.316885894785251],[7.844633427435305,9.316096632226671],[7.843781694020452,9.315681923626695],[7.840000356631971,9.313844730906283],[7.838096317425482,9.312890479994572],[7.833882463347724,9.310785826519494],[7.831166925339925,9.310326553380971],[7.828161447118962,9.309720129913522],[7.827269662430002,9.31006792718578],[7.8244381169889206,9.311262952953207],[7.823260919098963,9.31175791450799],[7.821067064697806,9.31281468776665],[7.820634492214419,9.313019828072926],[7.81506505632649,9.317599304717257],[7.802931903837664,9.324983621263364],[7.802187188448467,9.325438432882327],[7.800537344481459,9.326160840245372],[7.797522961148138,9.327529788862089],[7.7892513623104405,9.331105945625787],[7.782732128384168,9.3328717264638],[7.777381204037711,9.33402661678208],[7.769930043834655,9.335631898728504],[7.768489822846343,9.33603321918198],[7.767584610604161,9.336287441057923],[7.757359843343365,9.340211448066544],[7.752173903507701,9.342311678191354],[7.751335633441432,9.342650550732962],[7.7507068545342905,9.342989477079994],[7.7489054360839935,9.34396601669015],[7.746372618970457,9.345459752063162],[7.740754159993115,9.348781813656299],[7.73778890699977,9.347787483819536],[7.731813691502703,9.335779119666725],[7.729873944052288,9.331881808281297],[7.727131653709517,9.33063775782761],[7.667607059359548,9.303651283345683],[7.6354636416873785,9.23254641390989],[7.603320212379116,9.161441575942955],[7.588681007737537,9.129055137495376],[7.58905558274997,9.107646998532283],[7.5922661430827025,8.924565217608142],[7.594660637076491,8.85639900219976],[7.591668566332457,8.83487485585423],[7.565301897594086,8.78528080270651],[7.54144129515066,8.740404335463207],[7.518494775051466,8.698685001565517],[7.501978225438566,8.668652982932592],[7.495998581539816,8.654303549822837],[7.493229473541007,8.650736327866749],[7.479259097322544,8.632775008641058],[7.47762264605533,8.631334763078248],[7.443028882203779,8.593280761792665],[7.418129286446646,8.569901759263288],[7.397604094789256,8.552622671231434],[7.37142463982956,8.525279485831101],[7.355688503108202,8.512441714981048],[7.3418875672303185,8.508450851837333],[7.336674877782429,8.508598007426377],[7.31241290056853,8.500781171117229],[7.271184077402845,8.492465012774476],[7.210763247178384,8.480960494380804],[7.16299291463738,8.473335407743965],[7.116743153689639,8.466223147962879],[7.084213998997102,8.463681448091958],[7.057120478408229,8.462963547160738],[7.025255734587043,8.461648114321429],[6.9914423850579785,8.45982432320447],[6.984174063373632,8.459378410993361],[6.9695615573497784,8.391314750119728],[6.957611192427881,8.374767029075429],[6.955774014307441,8.359142279211834],[6.951176705290791,8.346273313921362],[6.9419864914659595,8.322372572337263],[6.934633443175711,8.310422193636674],[6.934633443175711,8.301227477685803],[6.941067950301805,8.292955885465487]]]} | {""type"":""Polygon"",""coordinates"":[[[3.587097100627722,10.267222850383565],[3.5934959069129353,10.251040828577322],[3.6009871567172618,10.236682487575445],[3.607854183751682,10.22669411976493],[3.614096963192969,10.21982705920093],[3.625958122738609,10.211711515659994],[3.6340781699858025,10.202342970818714],[3.6440665672280854,10.190481729540577],[3.652806376444281,10.184238978471617],[3.673407424449685,10.182990470396746],[3.6748878610886697,10.18015893468049],[3.676444099656914,10.178598202374639],[3.6848183233840412,10.170210671311823],[3.6884569399527747,10.161475319649046],[3.692826861190925,10.15783218950126],[3.703015882791437,10.152739903371586],[3.7073858227694667,10.143273234166738],[3.7073858227694667,10.132352916599087],[3.7073858227694667,10.117062673657921],[3.712482588087531,10.108327280991945],[3.714667493490062,10.101776851784056],[3.7153943706239896,10.089398363894476],[3.7306845938224544,10.068289014159452],[3.7365081706724275,10.068288979990658],[3.7365081706724275,10.074839384745879],[3.7343232535699276,10.07993616994752],[3.7350500251767156,10.087944699771864],[3.743058604792672,10.084306067368537],[3.7459703609591792,10.077024408931234],[3.750340284398399,10.068289018096515],[3.7576175822954525,10.063192255586928],[3.7619874997691993,10.05882234397085],[3.766357405212412,10.053725588646115],[3.771454125761705,10.047175179084533],[3.772180963442575,10.040620289130143],[3.7750927598987163,10.033343020257057],[3.783828140541318,10.031158055988676],[3.7881980601941034,10.034069859551865],[3.7881980601941034,10.038439728374536],[3.7845549998002803,10.045716993802568],[3.7801895023930028,10.052271887258057],[3.7845549998002803,10.062460976663234],[3.7940216348551745,10.062460927684105],[3.7969334390049982,10.06610404461837],[3.799118409672419,10.071196334352212],[3.8180472840473247,10.066830881842973],[3.823317971724696,10.05430528194043],[3.8330343701374403,10.047019048006657],[3.8510402034973326,10.055201535094135],[3.8641321528454857,10.050292017400116],[3.8723190290510736,10.042109646225178],[3.8821379664442204,10.035563631669653],[3.8903204118429655,10.030654184872544],[3.9034167929322208,10.019194257363337],[3.8903204118429655,10.015921341368415],[3.8870474015287226,10.004461420798746],[3.8870474015287226,9.988096481267169],[3.9099627755646917,9.989733042453807],[3.9214226213797407,9.999551979008617],[3.934514556797097,9.999551965724661],[3.9492474466795082,9.99136950882766],[3.9541569073247773,9.983187019894142],[3.95252044635095,9.978277544101426],[3.9410605275299666,9.976636666000772],[3.936151068773105,9.973363641364971],[3.934514556797097,9.970090659385644],[3.934514556797097,9.966817667305664],[3.9410605275299666,9.961908200816435],[3.9492474466795082,9.961908183118188],[3.9590663681092684,9.960271685886418],[3.965612341594174,9.956998782890148],[3.97052623816863,9.948811809145601],[3.9688852892042408,9.942265887958309],[3.960702880968355,9.937356442110568],[3.9590663681092684,9.93408343470363],[3.942697013956357,9.932446960587],[3.934514556797097,9.927532970802346],[3.936151068773105,9.916077566484583],[3.9459744212412007,9.90789509638326],[3.9541569073247773,9.907895110636778],[3.962339367872192,9.907895095520692],[3.967248828395806,9.902985651943316],[3.9800152508625986,9.906584120717856],[3.982637202382393,9.898727231634487],[3.985254693505674,9.893487741951192],[3.9944225615558793,9.900038211850918],[4.002279556586257,9.906584112094547],[4.011442961344335,9.89872725383537],[4.0127539763555164,9.885635303705115],[4.01668239048942,9.868610486797357],[4.020610868467137,9.860753506012097],[4.021917440776163,9.856825016433408],[4.027156837143781,9.856825068970197],[4.038942268944189,9.864681984546358],[4.052034196870796,9.86337548633937],[4.057273590644293,9.856825010649118],[4.0703655325089585,9.856825052074823],[4.078222480482676,9.854207565224023],[4.080844404278809,9.85159003618204],[4.0834619359678515,9.851590079302808],[4.095247330746854,9.867303970526885],[4.095247330746854,9.877778389363419],[4.114889665096957,9.881706824133605],[4.1240530886439615,9.875156415391364],[4.122742156772009,9.860753514197066],[4.118818144116941,9.855518517238073],[4.127981553549944,9.851590071533213],[4.1410779681630006,9.86075349336935],[4.152858942890887,9.862064499688959],[4.171194750489066,9.820162274791336],[4.206546517410328,9.782188650054897],[4.209917577931077,9.778295816471433],[4.246205703698622,9.736375807499343],[4.282493885618895,9.6944557986378],[4.316539094566951,9.64142597606513],[4.3505843523257965,9.588396078997299],[4.387247094227302,9.562207800054674],[4.443552165572382,9.509831173881208],[4.501168217143569,9.44042970906555],[4.578422139553708,9.388053109489464],[4.60972506401369,9.361757776992608],[4.617051315452304,9.330441524021092],[4.639311144942918,9.308177244472994],[4.68514184329008,9.292467871000698],[4.713947629744482,9.278064954704115],[4.737518378580778,9.268897028126354],[4.754538767318592,9.247943696406473],[4.757156280243791,9.22437735879672],[4.751921300058654,9.199495537210414],[4.751921300058654,9.179857720493954],[4.764553902196336,9.149932675507731],[4.768705344818192,9.153531142161768],[4.772459917305964,9.147627350091499],[4.785333371863616,9.135293411959584],[4.80088665715216,9.136368067021266],[4.8105406746954875,9.136368044183742],[4.815904975817507,9.132613509905719],[4.828238818925234,9.134223230358176],[4.848086292205692,9.14119282746615],[4.857200649015221,9.14870193648402],[4.865249336781067,9.150311705939798],[4.871683840972345,9.155140878348178],[4.876071632362423,9.157646928871989],[4.8765844201920245,9.16124094699637],[4.886082300274313,9.167345500223117],[4.89896908068987,9.170056588471404],[4.911182566586828,9.171416654322293],[4.923391603158463,9.176161084273128],[4.941705103735336,9.184303427560469],[4.96205645618001,9.193123556766144],[4.971554330708498,9.200583575086405],[4.996650174904069,9.207365917545088],[5.01632373268332,9.20533254380331],[5.032603915915973,9.197872468545386],[5.048206271562436,9.187692298469031],[5.06516421565054,9.162596505763164],[5.0848333191016355,9.150387515415602],[5.107900223761461,9.135462854027914],[5.130962707901557,9.123253885125495],[5.159451955244394,9.106973662012777],[5.171665364831966,9.087300155668748],[5.196761224362513,9.054062009221102],[5.208970226680156,9.03507067791695],[5.225589331383871,9.02692840819118],[5.237802754691331,9.01879049004374],[5.254760736143511,9.01675273468548],[5.27239646912381,9.014719360537338],[5.286643321504132,9.009970397451365],[5.297496766278753,9.003188126986265],[5.307667951986117,9.000472495350403],[5.323270353183903,8.992334703676553],[5.332090454088581,8.99572354661207],[5.348370618475456,8.998439170998559],[5.370077552428863,8.996401391947707],[5.375504304113053,8.990296892982771],[5.391106708570694,8.982836768943908],[5.408064650702327,8.978765642816608],[5.425022604367231,8.978765619331053],[5.436553811739719,8.975372219072023],[5.445373946600819,8.972661083219531],[5.457582961868451,8.968589915864904],[5.460976298582006,8.9624854243447],[5.466403089700494,8.954347540069216],[5.473863104128123,8.947560837830512],[5.485394403086496,8.94484971218127],[5.4976078146445655,8.944171926633802],[5.5118502215639555,8.94417191299105],[5.525419303347754,8.940100739636465],[5.539563499885295,8.930567165867727],[5.543630200790468,8.916739559126066],[5.563147694577281,8.898849622769383],[5.572908718288069,8.89234375889123],[5.601371127250571,8.87688854827059],[5.605437864151487,8.867943538455043],[5.61926550838771,8.852488311120776],[5.64203814143845,8.83540994348795],[5.665622288169495,8.830531749812797],[5.69165009205418,8.828092587707326],[5.712795186161427,8.82890411275955],[5.72824593399298,8.819959215188177],[5.74207362099252,8.797998134054303],[5.760779548930547,8.773602349159438],[5.774607235532672,8.75326889903217],[5.795752232305199,8.741880314490228],[5.824219161107733,8.742696351821383],[5.864881744902077,8.745135473075752],[5.886842818753334,8.746763073182704],[5.901481997467689,8.750013761100423],[5.928321301571802,8.7426963821817],[5.943772093932104,8.74838619917245],[5.97467817681418,8.75651955464504],[5.978744834197151,8.750013714401266],[5.999889906087602,8.751641323934878],[6.033235076325144,8.758958664163083],[6.058446847158001,8.75895869939371],[6.084474616663746,8.760586230254109],[6.114564604569222,8.758147144386037],[6.131647452764153,8.751641316570414],[6.144659084435868,8.72968021123614],[6.149537366298132,8.720735263157366],[6.169059297745678,8.721546802996505],[6.185321627898686,8.729680228391622],[6.203216041125761,8.734562908492808],[6.208535686135113,8.732373567525507],[6.224512676532746,8.735115864656239],[6.246576297850288,8.73879019652828],[6.267716891679743,8.73879021024263],[6.3026494906471,8.727758369017108],[6.323790082672418,8.713052221956017],[6.343097996825755,8.697423079920185],[6.358722697809328,8.684554104080517],[6.37527045436533,8.66157635291044],[6.379867729738692,8.6487029854969],[6.384094944798986,8.64426168383162],[6.398252646707787,8.629399541325641],[6.405605651465869,8.611933198166202],[6.40803591132117,8.603015033196426],[6.410113831608078,8.595394440808715],[6.4138772868613625,8.581597929351304],[6.4249091267562735,8.549425527771072],[6.43134363436697,8.519090227916791],[6.439155921383304,8.493352364273413],[6.4492691755793246,8.459338304698868],[6.452943510619547,8.44831097640123],[6.481441601642895,8.427165925585639],[6.50350522005888,8.412459822530948],[6.512695475571576,8.398667746110567],[6.527405992201496,8.375690016806592],[6.551306808720174,8.369255589081098],[6.562334131909622,8.35362639881677],[6.571528828067002,8.342594576505428],[6.579800423656516,8.330644189164293],[6.588076595619998,8.326046833650468],[6.5991039263785085,8.324209733961577],[6.608298545046305,8.314096502158636],[6.613814451547774,8.299390351048634],[6.626683435001284,8.287439986472286],[6.631280808998773,8.27640812213315],[6.641389539813103,8.255267570889881],[6.657937289084209,8.235964085459791],[6.66529032305079,8.226769417906961],[6.671724806243935,8.220334979857622],[6.683675244325706,8.212981937654986],[6.6882725409009005,8.201950108046672],[6.69010969098942,8.185402398280296],[6.691260119304998,8.183007827144584],[6.6997636281635975,8.18908107929202],[6.712632625406036,8.201950065817526],[6.714469735630588,8.229529629682478],[6.71814852147008,8.243317158554998],[6.724221866961918,8.249390466073494],[6.72589846276084,8.250656810457857],[6.723494988242717,8.258602929369552],[6.72101126878008,8.26587572851976],[6.719985707161953,8.274571019884906],[6.730098920362037,8.283765660021366],[6.74388645680746,8.26538082590235],[6.749402409295633,8.263539205650423],[6.755836879492729,8.268136505402287],[6.761352788935926,8.272733869539556],[6.763189895975724,8.281924028151938],[6.761352788935926,8.292955834140042],[6.749402409295633,8.299390316184375],[6.751239503866128,8.304906254714934],[6.760434173271188,8.305824831191334],[6.76686867812498,8.30858502831831],[6.769628841422556,8.31777521798271],[6.770547424093833,8.33064416080176],[6.772384546795901,8.335241551343442],[6.779737644070601,8.331567217060522],[6.7907694254362525,8.330644210710274],[6.801801283695985,8.338920306517554],[6.807317179715467,8.34259455175042],[6.810991515388769,8.351789217736636],[6.8146702284073335,8.356382122529512],[6.822941878969479,8.367413943205765],[6.826620613552812,8.37476702623365],[6.827539184831143,8.379364369447174],[6.832136569971689,8.386721862315948],[6.8367293724299865,8.39131472980743],[6.8376524210188165,8.396830613164344],[6.833055137273569,8.401427970435423],[6.8247835098756795,8.404183695464836],[6.832136569971689,8.417052621527377],[6.832136569971689,8.42532878530845],[6.8247835098756795,8.432681828450528],[6.825059979789463,8.433939253191431],[6.827646228298917,8.453452259800413],[6.778667434253629,8.453831316090739],[6.77852026850667,8.457550254961069],[6.780107731425562,8.59287053910896],[6.779550354034762,8.593106906329023],[6.778654114963504,8.740359813943906],[6.7801701619139845,8.771519996633454],[6.780763254551458,8.794404074200786],[6.782252547310635,8.798002604243495],[6.795527353681222,9.11239150835527],[6.800289635863282,9.22510866603793],[6.876832358458724,9.225547849563435],[6.953374993505467,9.22598711102943],[6.961637726774709,9.226031701038202],[6.986800453018667,9.226299271039442],[7.0095462907370045,9.227017156188817],[7.031083785610922,9.229906647293738],[7.043645055603641,9.232154040760783],[7.045870134514437,9.230499704109988],[7.1010225729461975,9.18867335660082],[7.15617491507439,9.146846971979164],[7.175745949045493,9.131998161341222],[7.211494534458238,9.104869033123785],[7.218976888219986,9.101578165968371],[7.2217014727185305,9.110046009648318],[7.221937733058691,9.110496408779271],[7.222414863013911,9.112877526266587],[7.220555473757135,9.113666829173297],[7.220020362840279,9.113880872804895],[7.233964001802055,9.133500921920591],[7.2463870118899365,9.150980573188928],[7.2497580779959625,9.155720574592683],[7.284360750643389,9.204245646257418],[7.318963323334712,9.252770650213069],[7.353565981420651,9.3012957312652],[7.3881685809337085,9.349820789517791],[7.376485722469094,9.36333190639479],[7.3603884371536665,9.36701957673492],[7.350243981606344,9.36468744487093],[7.346698963056663,9.363871387139941],[7.343760429085619,9.363171334017288],[7.335328259856403,9.361164770506841],[7.328394366135456,9.363835743592547],[7.321241954617141,9.366595940104727],[7.314963566657,9.364678482362871],[7.308787650039062,9.362787818082031],[7.2983176773356435,9.358440250360918],[7.290732816664674,9.35529214201579],[7.282648438349372,9.351934386968408],[7.280084414843026,9.350873114369836],[7.273270929244982,9.349852035332137],[7.270301163102874,9.34940609064825],[7.267086135309945,9.35141267358455],[7.2649636668874304,9.353004627157759],[7.262890159284843,9.354560791547271],[7.260589290603286,9.356286480832656],[7.25777555974148,9.359358850732631],[7.254631908692214,9.362787834318926],[7.255015361263131,9.365855695140672],[7.25625503330218,9.375786153984741],[7.259282704032077,9.379420298567396],[7.265467524848469,9.386840273284763],[7.269797269115637,9.39203513196114],[7.275750224860399,9.397729371095709],[7.2803832069690975,9.40216175980519],[7.282251572765457,9.403949797841271],[7.284922555942868,9.405853853880178],[7.289832025211013,9.409363141805985],[7.289765160101241,9.41282791095966],[7.28950651132645,9.425438213917012],[7.285034044753923,9.429870595440056],[7.2795448797988875,9.435359710369429],[7.276606370658544,9.438628288480489],[7.274671063536757,9.440777574690232],[7.267393842786526,9.439564652359591],[7.264919051643701,9.439149953162952],[7.261124311925063,9.4399481267495],[7.257820170268624,9.440648185057647],[7.254631908692214,9.441317128519673],[7.24704700767039,9.43914999156326],[7.241089586365457,9.437526893033931],[7.237843365009704,9.436987313485071],[7.227953108355952,9.443577819653903],[7.22159444837345,9.447818428964371],[7.222816230640765,9.453436948430937],[7.224301122446585,9.460272690114872],[7.2213358137636625,9.467019382965661],[7.219436228937562,9.471331316146689],[7.218343736927697,9.473814991112361],[7.217340430126674,9.47615606909078],[7.214905805519644,9.481836931511836],[7.2134698970244875,9.485185731367167],[7.213086433948912,9.487696218880695],[7.212386385051541,9.492226621403157],[7.2113028082761526,9.500890703371372],[7.215552332150396,9.503334265971183],[7.220595617530069,9.495767206833023],[7.222776085543982,9.495495178938025],[7.227328840107395,9.494924384191052],[7.234057634435053,9.50922472542206],[7.239100824220048,9.518477406071334],[7.2441931072238885,9.520421502935855],[7.246543122528497,9.521322249377073],[7.251439188864475,9.523195060559186],[7.25388278741463,9.524127026158292],[7.2609727769945005,9.526887214658654],[7.263447505949906,9.52968308660499],[7.267755059235789,9.534547958918283],[7.272691273734106,9.540121850829184],[7.2769407965486455,9.544919817127127],[7.283339582847916,9.55213912970401],[7.284226948954727,9.553142431581906],[7.285172294428216,9.554208178284124],[7.285390744310318,9.55512668460517],[7.28557362355119,9.555617237722691],[7.2856940062837054,9.556161204015387],[7.287312689009423,9.563692641519355],[7.290023809863713,9.576329734622002],[7.292681429560369,9.588685927141185],[7.293229880773455,9.591218651690069],[7.2936668332206995,9.592997891391866],[7.294063765703885,9.594094803642637],[7.311445346397588,9.600043230078635],[7.315110691710787,9.601309646718665],[7.315815265327281,9.601407715966486],[7.325107951566144,9.602696438443383],[7.3336650068102704,9.606660550294233],[7.337062832625682,9.614026968384918],[7.341392618159353,9.618379099743025],[7.343519622609802,9.622650900967585],[7.343015761303372,9.62534865596253],[7.342155151086313,9.629673971692533],[7.3411116871300095,9.631983824511675],[7.33947523955971,9.635408354249975],[7.338730536272759,9.636960179761045],[7.326945170203914,9.649534822027814],[7.322561847560468,9.654203510964525],[7.317326832298633,9.659786312868583],[7.314397228790747,9.664392578107858],[7.311440815910762,9.669038946661136],[7.304074397378544,9.673462329448979],[7.299374484798006,9.67628046258658],[7.294683545015175,9.679094177735356],[7.290411745185821,9.681658187802062],[7.282840202657194,9.684182013153084],[7.282001845054451,9.691753614813866],[7.283834520419458,9.695646409166372],[7.28669725893956,9.701728589544485],[7.288730653273202,9.706049500243846],[7.286068577454524,9.711908710586414],[7.283290509215006,9.71802214005317],[7.280320797261993,9.724554757542702],[7.271068165945091,9.732126322741278],[7.2684952791014235,9.732126257431208],[7.244991331348764,9.732126317915904],[7.224805005914263,9.73885502818832],[7.214709545610984,9.748950480059374],[7.204739045356215,9.758296770321058],[7.206723338725758,9.765796971081453],[7.207548260108267,9.768900454341104],[7.210504654186229,9.780070542489993],[7.214905805519644,9.782545337820805],[7.220836398408161,9.78588524367761],[7.223962185810181,9.787642072966596],[7.231533795031969,9.791004261117969],[7.251720077627979,9.794370840966845],[7.256767797676309,9.790165932738512],[7.260129998755904,9.786799285736569],[7.267701551663694,9.7834371784321],[7.273587556125517,9.783437141231483],[7.278635262929317,9.786799289671116],[7.285363983544321,9.78932318248887],[7.291254489009086,9.800256854168179],[7.29293556120713,9.811195061289324],[7.292092796471301,9.823809899506575],[7.2910850171107855,9.828861991292339],[7.288730653273202,9.840634072420288],[7.29293556120713,9.851567745932782],[7.294906472603293,9.853043720822871],[7.299664384986495,9.856615493489544],[7.300507161523802,9.86250590286402],[7.296498363249606,9.869850077873444],[7.295459388892465,9.871758554322229],[7.295459388892465,9.880003442150377],[7.295459388892465,9.887740012290145],[7.297983310575315,9.898673706997545],[7.293778336426144,9.907926311688389],[7.28788785850733,9.923065013536696],[7.28713878045378,9.926070424768492],[7.285363983544321,9.933160403615018],[7.285466580261555,9.935184849092243],[7.285765313803496,9.941146612865792],[7.286206829241146,9.949984540490131],[7.284525677027185,9.957551637252585],[7.2831389246104985,9.960548226437076],[7.281074328338136,9.964993890755705],[7.280543759910151,9.971076144683312],[7.280320797261993,9.973533076698995],[7.280320797261993,9.983628486190023],[7.280320797261993,9.989037385600401],[7.281083302917459,9.993737244045574],[7.280320797261993,9.999609908901613],[7.279906078810032,10.00228535810863],[7.278635262929317,10.01054362122354],[7.2777969574125185,10.01643413666556],[7.273244173271256,10.023515141388975],[7.270225344146619,10.02821062537693],[7.264655970473253,10.03218814235302],[7.258448918451979,10.036620435259472],[7.254065581457766,10.0392245426535],[7.250725738305331,10.039416300349638],[7.240786359915025,10.039982597158275],[7.232372102387957,10.043349235578098],[7.229090183242845,10.038421914665276],[7.226686725204102,10.038841078958578],[7.222133931777582,10.037258126220902],[7.216016091337561,10.03740969304723],[7.213866769625882,10.039982648461702],[7.207138018778119,10.041668174474129],[7.200409200939712,10.033253832838964],[7.193680481045249,10.029891661088925],[7.188632718357107,10.027367794238643],[7.179380088903614,10.027367810713246],[7.166765274319082,10.033253872955287],[7.156669904924302,10.034096597798404],[7.149941134034335,10.03493936908594],[7.138164639932659,10.035777658939503],[7.125549867705904,10.034096638199449],[7.123025999807769,10.029891705872364],[7.112092285162033,10.026525088673356],[7.105363485144836,10.026525041535203],[7.103677983318231,10.031572715956347],[7.1003158116324485,10.029891677774284],[7.091901436314382,10.032415486347414],[7.085172704578141,10.036620443463525],[7.0649863239842325,10.042506506549625],[7.03386182982728,10.044192036185278],[7.018723123119159,10.038301559999306],[7.00778941969433,10.045030318048424],[6.983393708067673,10.04587306278345],[6.962369068193761,10.046715818360967],[6.9522736690495055,10.04755414016475],[6.940497155480179,10.061011736565161],[6.926196791869087,10.067740525535925],[6.914420365744352,10.077835884121317],[6.906362766362963,10.077835886794599],[6.904329383869958,10.077835955054203],[6.901176766903736,10.076382231340245],[6.892530608530493,10.093014690516867],[6.8820873878345665,10.117111651541283],[6.885302435565501,10.150844802634522],[6.888347963652498,10.153127888044752],[6.894938539700298,10.158072994431226],[6.903776428708675,10.16851620649782],[6.905457495638453,10.17094642318579],[6.911004675555285,10.178954943693306],[6.915017873927427,10.188595550243388],[6.921443416488914,10.191003412243228],[6.92363727077786,10.189126185945264],[6.927066313037088,10.18618319989792],[6.928671644636649,10.180564721186858],[6.936706918528808,10.180564715497717],[6.939917436822829,10.180564732896098],[6.942325387491565,10.180564723539204],[6.947145649614927,10.185380548155562],[6.954471993908865,10.191997826856218],[6.959194162995012,10.202249346686036],[6.9607994597091345,10.207069561592998],[6.965619763962494,10.21510039670953],[6.9672249714437084,10.222328616564312],[6.97044001116919,10.232771831349522],[6.978470878915753,10.240000056748118],[6.982488523869069,10.244013267303885],[6.984093814224721,10.240000094227275],[6.98488753915826,10.236816278308318],[6.987304348150999,10.236785062050693],[6.990497084977643,10.24083837638864],[6.996142279217886,10.244815920343942],[7.002567872746864,10.24722823489002],[7.00289781507487,10.244918462451096],[7.003370511166176,10.241605371569403],[7.008190728387293,10.242407990384738],[7.009127179477568,10.247107876753734],[7.00979606951865,10.250438839681188],[7.017126832622258,10.26604562923476],[7.0194321331742975,10.273733141783477],[7.0258576934186205,10.280158699093713],[7.032283303022414,10.287386913343905],[7.04031414042652,10.288992155901726],[7.0459370849481715,10.291404598871688],[7.049152098048725,10.301040703627454],[7.049954726937891,10.310681243027124],[7.050757365535818,10.317102349884227],[7.046628253669628,10.322609331971934],[7.043529127100181,10.326742987049087],[7.033893002070277,10.343611694329962],[7.0291083984741185,10.347268188873342],[7.024765247583619,10.350590257368898],[7.020234812255731,10.354050522496845],[7.006393714252276,10.356168538526289],[7.003379366563204,10.356627812734928],[7.000391803325456,10.356552048210114],[6.9969449215682396,10.356462895123936],[6.991197102529617,10.359334521276864],[6.988914100412323,10.360476040022123],[6.986278773547961,10.36145703663942],[6.97721340698732,10.364828153557228],[6.965062359322801,10.362794757620739],[6.9607994597091345,10.362081330512503],[6.951176705290791,10.36080159268069],[6.948750980178744,10.36047607975501],[6.940586362323456,10.360930895483122],[6.934294504899993,10.36127871664998],[6.930210018451456,10.36577345903375],[6.92626370290351,10.370116596569808],[6.924769891390776,10.375721723876138],[6.923048692496557,10.38216514975637],[6.928426350114505,10.403038133134121],[6.933491888343342,10.417503519124903],[6.937670041167882,10.431424842632463],[6.938312158072964,10.43356519394819],[6.942557217299412,10.44248340908057],[6.946343039986616,10.450433922602667],[6.949005116733505,10.454424879432578],[6.9504231216946355,10.45655630597585],[6.954373837477771,10.462482469468725],[6.954133117233919,10.468047389160038],[6.953517719687295,10.482178294284546],[6.947948269036937,10.491395291791088],[6.935899849337104,10.500233159958004],[6.929166577241386,10.51247786703074],[6.927066313037088,10.516294837449918],[6.9226607594813565,10.524227582878812],[6.9190354942049375,10.530751317898385],[6.9143221872446405,10.536053120072257],[6.912609941811926,10.53797945497503],[6.905256908267103,10.540770844062887],[6.90023595609789,10.542674938948675],[6.895732253033073,10.544382766333024],[6.889315614946228,10.546817439929693],[6.8820873878345665,10.5508306325087],[6.874301770248337,10.553265258059275],[6.869102518026981,10.555356604995673],[6.863136207319686,10.55193644618018],[6.861205375621819,10.550830629383414],[6.856385131963424,10.537979486102529],[6.849156947241808,10.530751298843791],[6.84433661195865,10.528343406348668],[6.839520804286843,10.53155387830025],[6.835503159488138,10.537979509335882],[6.839520804286843,10.549225363730317],[6.841126115774096,10.557256180273166],[6.8416522857256865,10.567271348718258],[6.84192874544663,10.572519659150945],[6.841384742538093,10.574691286511525],[6.838718204263954,10.585370808710529],[6.836069440780388,10.593018125899338],[6.835101842089473,10.595809566251232],[6.829478914996857,10.599827186396192],[6.829791059940378,10.604509293255704],[6.830281564763224,10.611875743836752],[6.830089794765279,10.61495691326259],[6.829478914996857,10.624726809008113],[6.8234992198993485,10.631081046241556],[6.819102603430053,10.635749746808111],[6.816627807802067,10.638380573670123],[6.814442857699376,10.639152010241114],[6.802973973244034,10.643200863226252],[6.799228405388277,10.642077155430673],[6.794943198560571,10.640788553684354],[6.78530257850937,10.639183239294544],[6.782283763579634,10.639646975021348],[6.774863866683181,10.640788479792125],[6.765357027117155,10.643642337427002],[6.758797689102281,10.645608770052226],[6.750048963928348,10.646634392813922],[6.74477829457922,10.647254177860908],[6.742325770308837,10.647495002696596],[6.7347720412635805,10.648253029501141],[6.729082277597106,10.648819362538521],[6.7268839474725,10.647722376295656],[6.72265667529308,10.645608833210325],[6.717033777571484,10.640788503112965],[6.715896685169408,10.638518829001095],[6.713818720799479,10.634362912057888],[6.717488571163079,10.628071158681658],[6.7194416648519635,10.624726816732307],[6.724261954524715,10.617498667956749],[6.725073508502122,10.614524398435051],[6.726669866581724,10.60866070403744],[6.7298849104635075,10.603037726163073],[6.7314901244702945,10.59661222201937],[6.7293051848086485,10.593802931678269],[6.725867273680844,10.589384001617072],[6.7098456728017375,10.587537907579012],[6.705235000922702,10.588269190347786],[6.700485995445174,10.589018388411946],[6.696151750057634,10.590989271519533],[6.686181269582672,10.589941427822234],[6.680888320771999,10.589383959764005],[6.677780313621755,10.589861119724702],[6.6712343600864585,10.590868889184934],[6.668567808163366,10.591261317834302],[6.653290945870207,10.59280413301461],[6.64707049459813,10.593428375805852],[6.636497919352263,10.5900082658884],[6.630504923446629,10.588108735448461],[6.62410612164382,10.58608427186134],[6.618113062897172,10.584189118258788],[6.614224746619177,10.58295845337008],[6.610777828234106,10.581727730633933],[6.606238484721112,10.580109073759397],[6.602978854867038,10.57894524491351],[6.597021510191029,10.57715715993709],[6.5869171825579445,10.574124988231898],[6.583180497963146,10.569857631149038],[6.581294275146901,10.567699382541687],[6.577784944513053,10.562629411468308],[6.574066063172776,10.557256216551774],[6.569401863932831,10.554924095227687],[6.566543516462328,10.55349712700944],[6.561214928419419,10.550830642950173],[6.556100378983188,10.546942233027266],[6.551587724498188,10.54555553519078],[6.549166434076958,10.545207664176132],[6.540332929629361,10.545212144200788],[6.534732369176887,10.550808282362809],[6.532302115459896,10.553243010151768],[6.5250694557316455,10.564484397896603],[6.521591385011619,10.57283624317454],[6.521056270303561,10.58215583755047],[6.521845555905369,10.58531727158193],[6.524266782066666,10.595006962074022],[6.519687292440172,10.599586390607543],[6.513828065687709,10.60545015649556],[6.511785788761825,10.606582724275734],[6.506599871180537,10.609463302707669],[6.504098280657005,10.610404221858554],[6.493748709810422,10.614283643521116],[6.4821149780776155,10.61018126595214],[6.4800949516154756,10.609463357420132],[6.474882270362627,10.606150251826447],[6.471256996756155,10.603840388889438],[6.469134529660662,10.602970886895484],[6.457603298251775,10.598221936867926],[6.450375022472699,10.595006911006754],[6.439129180075679,10.592599040549059],[6.433216459824497,10.589049576050046],[6.429185370437692,10.586632741152158],[6.427080734097242,10.585370806240839],[6.418247197547565,10.576532855919428],[6.401726285485609,10.573473896810576],[6.3965626446566315,10.572519681620806],[6.394823547953767,10.567735061341414],[6.392540483010331,10.56145666012413],[6.390917396083054,10.55700204258455],[6.3901370557784425,10.554848272568831],[6.387965506194167,10.552418089052454],[6.374427624634454,10.53725707659695],[6.370057758560554,10.53236103095034],[6.365286492159937,10.529409064211217],[6.344614095998364,10.516629269922815],[6.325881437101952,10.505049010353739],[6.311893242663952,10.493392911637061],[6.306604720177583,10.4889873778467],[6.3035680781517405,10.482008833772413],[6.30034862059243,10.47460227986234],[6.2985739187067775,10.470513291291324],[6.285517631930528,10.46398519193327],[6.282507719624244,10.462482406079328],[6.277910390717951,10.4611402523776],[6.263231049795643,10.45685955836292],[6.261817512993009,10.454674533782034],[6.2543975399896095,10.443205783487855],[6.25279230432781,10.434367782256741],[6.251209314228536,10.428049244558572],[6.25062520481035,10.42570824881723],[6.24957725757921,10.42152117959745],[6.241546446497098,10.42152116370077],[6.2391385402796065,10.420767533272356],[6.228695343151122,10.417503447163119],[6.226479106234953,10.41011923181135],[6.216883186976357,10.394704128153679],[6.215010361764178,10.393772131339729],[6.201387759281791,10.386980927372983],[6.1908286057588855,10.3859509266187],[6.171065885491852,10.384024580574396],[6.1684573503476425,10.383770362844283],[6.167400517157613,10.385478247425732],[6.163935811136635,10.391074378690867],[6.158014118874336,10.40063468244823],[6.155258392874696,10.407198512356521],[6.154099031133966,10.409972067881274],[6.153193823400679,10.42312641874762],[6.152520508943275,10.428196390545757],[6.151588544502284,10.435174930717407],[6.150340014209705,10.443094272296998],[6.149180583318771,10.450433942572493],[6.14738359356412,10.452065996495895],[6.140342653514413,10.458464827072053],[6.132311803574444,10.464087734085657],[6.129734511961229,10.46354371579067],[6.117052797800606,10.460877165718154],[6.112776550901421,10.45945023007468],[6.10500428998244,10.456859497934833],[6.1001840299683145,10.46408768917049],[6.09647850976133,10.47074513057944],[6.094739482292557,10.473866537194326],[6.089745286766601,10.475333556394403],[6.090547880542188,10.480956514500134],[6.0865302484807,10.515492218876044],[6.0913505656655795,10.522720417220798],[6.090547880542188,10.537979496204043],[6.0929558058224815,10.546014744849167],[6.098578762046053,10.546014785527237],[6.107412217556412,10.546817388540433],[6.114640448822664,10.54922529668677],[6.121065961836381,10.553242957462837],[6.123478320799477,10.562076462815513],[6.127491581443218,10.569304700739064],[6.129101245596614,10.580550526195005],[6.127496029535036,10.59340162284094],[6.114640448822664,10.599024597095053],[6.112232479977429,10.605450118307598],[6.113035125756381,10.612678368272029],[6.120263372727068,10.627134777898616],[6.12267570014874,10.635968211581707],[6.123665613939417,10.64044070072493],[6.124281032813613,10.643200921145676],[6.124651095805683,10.646166153660763],[6.125083674451448,10.64962202686724],[6.129101245596614,10.6560475670416],[6.132164681683658,10.659623757335122],[6.13391714548397,10.661670504557726],[6.137132161255703,10.669705789424388],[6.135526816239473,10.67773661775503],[6.1322315699322765,10.67898960290702],[6.118658064268095,10.684162157036225],[6.113837782038265,10.689780699754923],[6.111429844701829,10.695408040758855],[6.104201668475731,10.699421215541406],[6.095363744955281,10.697815999474182],[6.0913505656655795,10.700223903877447],[6.0913505656655795,10.70825474901091],[6.097776063021595,10.715487404686295],[6.1033990574786925,10.71869788714402],[6.105806921998403,10.725123477960064],[6.1082193277923515,10.7331543609388],[6.11024373927317,10.735856528248071],[6.113035125756381,10.739579928961472],[6.110930416327629,10.74484162302347],[6.109824605662361,10.747610776973497],[6.109128966617344,10.753006225624482],[6.1082193277923515,10.759659237906089],[6.106453530252224,10.761170829416365],[6.1025963761501725,10.7644795092971],[6.099381390750026,10.770905055235538],[6.101793786174806,10.775725341497996],[6.103679986300759,10.779729685631018],[6.105806921998403,10.784558854100238],[6.1082193277923515,10.790984407364999],[6.110627219929998,10.796607369505722],[6.110627219929998,10.801137823209258],[6.110627219929998,10.803835533563852],[6.107412217556412,10.809458497102174],[6.1082193277923515,10.813476143621587],[6.115447492469437,10.813476106186734],[6.121065961836381,10.814278764651606],[6.125083674451448,10.818291948046564],[6.129101245596614,10.821506929196534],[6.131098927962694,10.824039766500961],[6.130256173066199,10.828458692792445],[6.125886245709396,10.83355549500696],[6.121065961836381,10.835160746498671],[6.118658064268095,10.837568672464052],[6.12267570014874,10.844801291055962],[6.137132161255703,10.852025065822579],[6.140904527121597,10.852497729708208],[6.143557681797869,10.852832147766428],[6.149983226575861,10.852832169165355],[6.154562724663749,10.85539609062896],[6.158816715507476,10.86166565023818],[6.160007319197896,10.863805973732857],[6.161300470027513,10.866133669346992],[6.162834387164517,10.868893846158128],[6.164439635617226,10.87291147369287],[6.164439635617226,10.881744933625633],[6.163637046622614,10.890578406369608],[6.160422021077156,10.90262693990246],[6.160426471551491,10.909052465386559],[6.161229099628539,10.91708337404641],[6.15961940351931,10.925921245428288],[6.152391138263619,10.929934476004282],[6.149983226575861,10.939575011352533],[6.148377950532991,10.950013768050828],[6.145965584679943,10.95724646818422],[6.140342653514413,10.963672024444715],[6.1347241998987245,10.971702898114675],[6.131509229228887,10.97893108090796],[6.119460713248859,10.995799839430536],[6.11464489598329,11.001418347497948],[6.106609564523201,11.007843921706126],[6.0945610880585805,11.01266417731924],[6.076091489786906,11.02551526604833],[6.064845620562003,11.031940893459115],[6.052797127260216,11.043186725410536],[6.046371590231376,11.054432599396769],[6.039946003103399,11.066481071108166],[6.032717794785186,11.075314508450631],[6.03111252193043,11.084148042093869],[6.026292274181085,11.10101676862305],[6.026292274181084,11.113867929048551],[6.021471923499122,11.12591641547615],[6.015849040119766,11.137960422291455],[6.008522714264769,11.141014967709022],[6.006212957388395,11.141978073295045],[6.0005900315992795,11.143583364475418],[5.9933618156751285,11.145995740239533],[5.985330980330192,11.14438604541181],[5.974085078167286,11.13635513303329],[5.962036638373134,11.120293451063477],[5.960177158661618,11.11785885391181],[5.951597836877546,11.106639751106426],[5.945172267150886,11.100214172656642],[5.935531685131932,11.089770932707852],[5.9266982334220115,11.076919779598779],[5.921075266315143,11.07049421733343],[5.911434740803823,11.064871324723859],[5.893767801722623,11.062463367448105],[5.875293715123484,11.059248394370774],[5.863245246301027,11.057643117418761],[5.844771196629189,11.056840504718183],[5.833342451020797,11.056167159760829],[5.831117371731529,11.056037870782134],[5.820674196400318,11.05282280512654],[5.807426171586946,11.045853292519077],[5.80541515547097,11.044791966348209],[5.7957790164094005,11.043989340751144],[5.779712882616618,11.035155850869481],[5.765256471855401,11.028730335213847],[5.754813226046001,11.01748445888635],[5.741962161279935,11.003830666134641],[5.721080129663476,10.994997233085403],[5.704215860348101,10.990176942033763],[5.691364734445563,10.982141644662711],[5.680118853131258,10.97572050805486],[5.664052725731787,10.973308103251235],[5.656824544560308,10.966882538370728],[5.636745145218895,10.962062301928066],[5.622288813633281,10.962062249981475],[5.609437610676292,10.965277309830334],[5.589358317917357,10.964474697065224],[5.574901921790621,10.965277274335282],[5.56285342442233,10.963672012478026],[5.533936112545328,10.96125961728402],[5.5259053042151605,10.962062322308697],[5.514663945518651,10.96206225126079],[5.492172194086528,10.95885170175635],[5.472895492806287,10.956443855748065],[5.465667314778579,10.95403144909182],[5.458439074926754,10.953228805368944],[5.45281615014822,10.95644379324299],[5.447808572014372,10.966958404917323],[5.44478531492521,10.973308127748457],[5.440509079304937,10.98544579665426],[5.4407231034683425,10.986065671617181],[5.439965028156448,10.998207804937605],[5.435947442216477,11.007041281748169],[5.429990008693213,11.016811149971312],[5.4311315662611,11.019089737075117],[5.42871922199063,11.039971707653123],[5.428759348305775,11.040979467946144],[5.418115497469138,11.040823419233204],[5.4098973668310055,11.04254463149085],[5.405148373642526,11.04353896559657],[5.403993505244793,11.043779806623778],[5.40343613408042,11.043993767564979],[5.402785048900925,11.04453339746094],[5.401536510287836,11.045500957255584],[5.397920158766629,11.048301291076028],[5.394656089256629,11.05082962150231],[5.392957181115797,11.052145087036308],[5.389621820063976,11.054726878845306],[5.387530467720478,11.056350009828284],[5.385055721290414,11.058860460206631],[5.384337750746386,11.059587286286401],[5.386179380263373,11.075675744076504],[5.387245071328135,11.084825769427459],[5.387075655328342,11.10185952345598],[5.387039951029631,11.105480314300246],[5.387066709282747,11.11033629140711],[5.401264547043503,11.124520683952658],[5.402718175061697,11.125836160790422],[5.409527239158515,11.132012021596086],[5.411052273064462,11.133394326996344],[5.411921764126155,11.134179138862569],[5.414218175060432,11.136261534752805],[5.417143379968606,11.138914734947614],[5.417138904621567,11.139570156796678],[5.416973956357535,11.156318534121068],[5.416710871241281,11.157063265434623],[5.414632924394221,11.163029545174123],[5.413972922949457,11.164920143622023],[5.412381086977333,11.169490784589575],[5.40863988527596,11.170890935743072],[5.39418348629919,11.17892617534044],[5.381332339309058,11.186154413842523],[5.374104145860037,11.191777296228297],[5.368481174984698,11.205431064542974],[5.35804248835037,11.22711569734523],[5.35804248835037,11.232738661381706],[5.358845077852715,11.244787098431077],[5.356432712532421,11.249607428383426],[5.353222156667707,11.258440861074174],[5.353222156667707,11.271292057058602],[5.353222156667707,11.27691499205538],[5.350809787086262,11.296191664862455],[5.347599225048452,11.30422249882765],[5.3443842125084515,11.315463911064978],[5.338765734574085,11.327512405561809],[5.337156018265927,11.333135275900565],[5.3369018356448,11.335449556267857],[5.335983276091878,11.335761676949534],[5.3257362258513075,11.339248732985215],[5.317326363079088,11.342053487652572],[5.316238349600254,11.341897473514345],[5.3088139533469185,11.340840637955012],[5.3006493420771275,11.339676772319773],[5.295637315032731,11.338967785327844],[5.295008579578697,11.338878613245257],[5.29334984837606,11.33864230590117],[5.291766841501717,11.337228756815612],[5.289278664031363,11.33500812819591],[5.2845966090665994,11.330816547827663],[5.280061713719845,11.326754362101342],[5.279615801982107,11.326353039683799],[5.2790450432089,11.325840175531916],[5.278211198697015,11.325608336065136],[5.276944789158412,11.325251621977793],[5.253454203275401,11.318674403192276],[5.243880567107312,11.31599450419645],[5.239171709890605,11.303303879359316],[5.239296553098602,11.293204020511347],[5.239354553099153,11.285886654123233],[5.239417014704051,11.285092941679224],[5.239751392594636,11.280807764763349],[5.239903006564652,11.278850190009482],[5.24015715805271,11.275447937755846],[5.240371235747584,11.272509357726442],[5.240469311803507,11.27117159428692],[5.240513928099123,11.270596416988084],[5.24060754276119,11.269330049817677],[5.241013314299446,11.26382302281778],[5.241169393300356,11.26168262682404],[5.241240780264711,11.260728455737585],[5.229343892279551,11.254565952754742],[5.228536739618139,11.25407094878665],[5.221651911794672,11.249870484275668],[5.217090229110939,11.247088037321092],[5.211908813016665,11.24388639488291],[5.199838029742866,11.236430815233323],[5.193755753578894,11.232341745338893],[5.18046768443426,11.223396851897057],[5.178015150405123,11.221742497731903],[5.171072369232715,11.21702920464619],[5.168285404645101,11.214576687111208],[5.164820668796378,11.211526699395302],[5.1617260261658675,11.208793294515822],[5.1613381634536015,11.20845438460594],[5.1597685200625625,11.207067613205322],[5.1588009304065405,11.206215870505234],[5.155857926695878,11.206510166583653],[5.152928280816838,11.206800071189882],[5.149048862819778,11.207669588189267],[5.139528633123954,11.208432087304413],[5.137718304100882,11.213172141933457],[5.136264627026854,11.21697575665985],[5.135453068516363,11.218589880396477],[5.133825453573929,11.221720220503691],[5.132144368163655,11.222322200079384],[5.131390838219951,11.222562967913854],[5.130186849224648,11.222942013199091],[5.1273776411084615,11.223838305442882],[5.126846969364209,11.224003291749012],[5.124773469292572,11.22495307157108],[5.124091277497924,11.22528301253287],[5.121875085510705,11.22634425279609],[5.113639107958114,11.230366372316825],[5.112983601196698,11.233572508939778],[5.115993541662211,11.237434109020377],[5.121781427589694,11.237496528514255],[5.12319943146414,11.237434049626641],[5.124728943703213,11.237371635135935],[5.130418723062579,11.23679199326528],[5.1351632006066845,11.234513369647999],[5.138431755952624,11.232850127647389],[5.138868690994158,11.23258699769306],[5.144625429833021,11.229144598501222],[5.145597470570257,11.228547113126067],[5.147390074787116,11.227566064322449],[5.150248320717219,11.226411214811284],[5.151684139933004,11.225880552869185],[5.152905927405538,11.225430185000342],[5.168263124757278,11.238187685632264],[5.171585152504915,11.24094336297437],[5.176837946182764,11.245308829474352],[5.1773374114112425,11.24564330112167],[5.177756500822106,11.24592865751551],[5.195115850162349,11.253999629206994],[5.195905095235591,11.254619439851565],[5.209068328410566,11.264942292626346],[5.210544333918496,11.268857339796039],[5.215600913981287,11.28285895879357],[5.215877415085161,11.283616989390937],[5.215877415085161,11.28494582416596],[5.216680008544376,11.288963465215874],[5.216680008544376,11.292976620145867],[5.216680008544376,11.299402214525362],[5.214267643204223,11.306630418588488],[5.212662376225559,11.312253338054077],[5.209451818613316,11.322696536466683],[5.203026229905408,11.330727410148361],[5.193385663270192,11.333937906139571],[5.18455221287447,11.339560878201526],[5.176521365810262,11.341166180290209],[5.168486083171386,11.341973254250512],[5.162060505184293,11.344381113136468],[5.154252636716217,11.346615139759402],[5.150819143993611,11.347596187887172],[5.144393577393112,11.349201440534781],[5.140375880290501,11.351609396156405],[5.133950304385897,11.353214624829029],[5.125919458698533,11.354017266631352],[5.117888639031031,11.35562698353083],[5.105037517644207,11.352411988835255],[5.10021720271309,11.345986463229139],[5.10021720271309,11.338758191153289],[5.101822471577369,11.330727405767044],[5.1042349113271595,11.322696526394068],[5.105840135358744,11.31466122498784],[5.105840135358744,11.301007478270332],[5.101019831444335,11.285748458226882],[5.10021720271309,11.279322830313886],[5.093791656456099,11.270489391024483],[5.08977397543285,11.264866437146415],[5.0801378717074,11.255225860816278],[5.073712307252268,11.241572140314785],[5.071304428543616,11.237558959015853],[5.071304428543615,11.231936044812645],[5.071304428543616,11.227115674803983],[5.068892045668,11.22309808508291],[5.066484134590642,11.216676916811739],[5.0624664922075375,11.208641641582464],[5.0576461601972875,11.204623990555422],[5.052830370070605,11.205431082718642],[5.048812669536996,11.211054064139656],[5.048812669536996,11.219084876466772],[5.048812669536996,11.227918338722908],[5.052830370070605,11.231133356988895],[5.056843513137126,11.237558928357656],[5.0624664922075375,11.244787146437847],[5.064878838277169,11.254423270389767],[5.0624664922075375,11.26245408613222],[5.058453266032723,11.270489382073338],[5.0520277122640325,11.272897337203938],[5.045602177424907,11.272897346029985],[5.040781860520051,11.270489378112755],[5.034356340188825,11.264866483491701],[5.032751007590059,11.260848803360595],[5.02552285592185,11.256028543521994],[5.016684888349139,11.251212713488727],[5.011864592123278,11.252015349124944],[5.0054390474723585,11.257638235739213],[5.006246117851035,11.262454112391223],[5.008654068496544,11.266471761222837],[5.011061963827233,11.27048935823598],[5.010259347014878,11.274502591955734],[5.008654068496544,11.27932288478665],[5.000623208359964,11.282537895203282],[4.990982618312889,11.286551059534421],[4.988574712964114,11.291371367602146],[4.984557088051088,11.304222517155056],[4.9813465424965875,11.319481564876286],[4.977328881254018,11.329122140400903],[4.97250856021459,11.339560885867934],[4.97250856021459,11.347596170297713],[4.970903332552904,11.353214632711483],[4.9660830103260905,11.36205261295834],[4.958854812603088,11.369280774913557],[4.9524292471151306,11.36928080736178],[4.947613371922617,11.36446050556539],[4.942793157050034,11.357232274827423],[4.933959608054157,11.354017299488666],[4.929942026252744,11.357232253028384],[4.923516462507447,11.364460510323815],[4.917893474263356,11.370886008830404],[4.905844994371078,11.373293968179981],[4.890585959587034,11.370886022435803],[4.880142718783792,11.361249957316767],[4.871309296246172,11.353214639837704],[4.864883699411224,11.350806699076763],[4.848817585070791,11.343578501914838],[4.8375761419976415,11.337152983380484],[4.826330339187542,11.335547659339761],[4.8199047411956695,11.330727367210994],[4.805448375939733,11.321086843907548],[4.782956649855323,11.31225336571105],[4.76607448407341,11.306001713431403],[4.762190637362638,11.313448412228105],[4.761459306625826,11.31491990274661],[4.760019029022718,11.313466205237514],[4.758654540413152,11.312079389276738],[4.755930009010176,11.309305884535263],[4.754886613932517,11.308775228638472],[4.751684991708963,11.307147629996624],[4.751167675841045,11.306897975819975],[4.7495847195381184,11.306126552069719],[4.748019578128236,11.305506707239196],[4.747038564097802,11.304984961429705],[4.74645890376165,11.304592626456822],[4.7452816750913485,11.303789948824605],[4.742757829876746,11.302077622701702],[4.7408850000663,11.300802397480687],[4.740572854814415,11.299504723642098],[4.740118024535503,11.29763193049201],[4.740336595282589,11.296811437720875],[4.740581777737782,11.295901830646214],[4.740965306885356,11.294448100949664],[4.741330913652406,11.293458256596757],[4.741781331902096,11.292249822802912],[4.743993046512797,11.28633707336944],[4.745477917603032,11.280633819769113],[4.747069837499656,11.274502548875642],[4.747167922375505,11.271934115649374],[4.747234812886452,11.270195100198682],[4.747270429944996,11.269231893666925],[4.7473596701265715,11.26687308124106],[4.747435484908006,11.264848599461912],[4.7473908647375165,11.264228801700254],[4.747301703478855,11.26298024614494],[4.746726462840631,11.25841416721368],[4.746133380571114,11.257477715906866],[4.744363095723528,11.254695252672917],[4.743761115532139,11.254119987974754],[4.743025370925934,11.253669660893555],[4.736220773106458,11.249491522908853],[4.703406315974408,11.22854260996821],[4.6992191745366165,11.222259779050741],[4.699914799847544,11.20340665839903],[4.702010566570873,11.192236646958623],[4.710389227112701,11.180366505977245],[4.721586028468733,11.176335434852845],[4.7461244567456555,11.14759213668207],[4.757624521654891,11.142994787429123],[4.765289698049503,11.136859020129315],[4.779433916118541,11.131418948731396],[4.780209816431954,11.128698928298855],[4.785792606678138,11.123811754022306],[4.788588481723969,11.118924537907903],[4.802549904802152,11.114037397077103],[4.8144200233723655,11.116133163103344],[4.817800048194633,11.119513126504339],[4.839658568119497,11.113858999124576],[4.850391602497273,11.10849469945243],[4.86067429480349,11.103348890182088],[4.863296291359547,11.100075905554414],[4.876562097437021,11.09169279615224],[4.898206559373431,11.087505700302524],[4.908680996034108,11.08191843090784],[4.934512550385988,11.08401420258428],[4.947778391088312,11.082618545804314],[4.960344107008557,11.082618531849272],[4.9722142967450615,11.08052278322439],[4.979897293043306,11.080522792501887],[4.991767428887142,11.070048338560238],[4.991067333539776,11.06097407865528],[4.995954540249862,11.053991152086542],[5.009220366093058,11.051895347307337],[5.021090444449824,11.053991079651661],[5.027373322765943,11.050499609235425],[5.03575198405716,11.051895356548064],[5.04063919375558,11.051895339006053],[5.046239830701489,11.041688488811925],[5.062970349720047,11.012405531096817],[5.067986852842134,10.989820182468206],[5.081373051354852,10.950504336455477],[5.082211403138332,10.927080628252002],[5.0755182837748904,10.91537100633882],[5.054605103948327,10.904495333800023],[5.034525743039936,10.899474387586539],[5.025326653181293,10.890275214215528],[5.026160440191364,10.87187246951632],[5.028670924194885,10.859320120823442],[5.038708424841421,10.835900934860438],[5.047073689784508,10.825025226261756],[5.0587876906242375,10.82084253333632],[5.083883535833325,10.81749826135451],[5.09977579753476,10.808294631411657],[5.108979340078122,10.795746750639328],[5.10730717958287,10.785709282812201],[5.102286226172778,10.772323093378846],[5.100877171083212,10.759828693607815],[5.098799218715334,10.76056443729866],[5.096431434855844,10.759775200210996],[5.079700913620864,10.755592493387665],[5.074679952034503,10.748899454054856],[5.064642547223685,10.747227226621638],[5.0571155875283145,10.739700311190871],[5.049584155049785,10.738023700150745],[5.0403849826439,10.737189827777772],[5.031181441017609,10.744716802470876],[5.026998763798409,10.748065583737239],[5.020305699548774,10.746393394257863],[5.011940372254147,10.740534184482245],[5.00859606636131,10.733841010178883],[5.00859606636131,10.721297544791463],[4.995209889939552,10.719620956117005],[4.986844578275234,10.717110452930166],[4.979317651353976,10.717114962783644],[4.97596886903352,10.71376619602752],[4.973462806002666,10.710421841845795],[4.9659314156578045,10.70707304578302],[4.955893941186428,10.704562617082871],[4.948366979271431,10.70121829333742],[4.946690399081695,10.693691298640115],[4.941673878685757,10.68867033673715],[4.9316364860794275,10.687832058661673],[4.923271180701207,10.693691318318125],[4.914905943142193,10.68783205801114],[4.909046684207624,10.687832020480386],[4.8939927268709,10.693691260481147],[4.890643918413486,10.701218223017596],[4.881444820174099,10.70289044805436],[4.868058572705737,10.70037992356204],[4.862203777723121,10.707073058484209],[4.847145428476931,10.704562618468149],[4.843801108560961,10.699546075221992],[4.836269691986107,10.700379957586],[4.831253166362523,10.703728689489044],[4.814522656181339,10.704562599053343],[4.80950170008132,10.697873949396474],[4.8069911956112135,10.692852981871289],[4.814522656181339,10.674450231656598],[4.812012160592663,10.661902398743617],[4.802808566451397,10.652698800495926],[4.796115454210839,10.629279598718021],[4.80197471900194,10.613382860023968],[4.814522656181339,10.604179279268996],[4.823721718239386,10.594980212584735],[4.827904349748292,10.56988434752056],[4.822049608331097,10.559008586817534],[4.819539086942166,10.538095432492987],[4.818705223999827,10.522203197611155],[4.818705223999827,10.507144797325894],[4.826232192390077,10.49543075976997],[4.8329253173815445,10.48790380234173],[4.845054097262836,10.478700175137114],[4.853419342169925,10.460297450268442],[4.852581012168973,10.444405240184064],[4.846726269814149,10.420981616136025],[4.844215735664163,10.389192683999008],[4.840287306136196,10.371503416617951],[4.8471141773912825,10.342635152288208],[4.8534773413074515,10.320254921671635],[4.856322222101671,10.300425343424493],[4.854645645186944,10.294360966316324],[4.848563376037233,10.292563947587558],[4.841584911720577,10.292488095901316],[4.829344661665164,10.294940630204717],[4.813644195088647,10.29476223802021],[4.8031697619629865,10.295506929545297],[4.802755047422644,10.296300690929673],[4.776459772360161,10.295502450201631],[4.748853477520967,10.305539947288338],[4.731284562401166,10.314743465104307],[4.7128819078304796,10.310560875946596],[4.705354885219205,10.30219557174476],[4.702006147701192,10.293830344977115],[4.702006147701192,10.272917113632039],[4.705354885219205,10.252837814666877],[4.696989619290761,10.24028987319337],[4.676910280547685,10.230252428063524],[4.669383317468961,10.22606978903948],[4.6710555182431115,10.211849725128669],[4.678582475179082,10.197629656744995],[4.692806992466397,10.180060828326214],[4.705354885219205,10.172533896389943],[4.7128819078304796,10.161658127156727],[4.7128819078304796,10.156637183512471],[4.710790539153035,10.131541304594627],[4.699914799847544,10.119831733707677],[4.689877379596825,10.113972517974828],[4.668125888400404,10.113138614178206],[4.643868345997486,10.120665596560118],[4.636341370113519,10.127358675397476],[4.635645766330868,10.127581650887821],[4.626700806901135,10.123394578384705],[4.617965472392075,10.122899578370964],[4.613996883753897,10.122458135941548],[4.610010387725772,10.123590804945712],[4.589275622209364,10.12964180416987],[4.579358556938007,10.131969428021632],[4.578819016680118,10.131791032460782],[4.537630250136863,10.118159588463943],[4.526919494943324,10.114262315399198],[4.527485811246957,10.143032477864793],[4.551832485768553,10.194851692947232],[4.567443864519402,10.222948467105587],[4.568692355341837,10.246046586590472],[4.5660570273336845,10.246028734867666],[4.5660570273336845,10.25683316168293],[4.559997125360763,10.268087955495655],[4.541817399349428,10.287128253611847],[4.518447247277275,10.298383030109568],[4.490751753707338,10.31396316971389],[4.482961692603223,10.328678186693836],[4.4838267451718865,10.34079353519693],[4.486421986331007,10.368493513751613],[4.479496984889549,10.421293690950435],[4.485556892036278,10.469764185235059],[4.498541763115224,10.51736954736597],[4.5100596777162725,10.535165768915787],[4.510857857286482,10.535522520254665],[4.5254926401649795,10.54202837962537],[4.547368928629632,10.55032670240087],[4.58508850187221,10.563904736796811],[4.606964858966826,10.575975493882895],[4.628087618266716,10.594079424185228],[4.6612811560567655,10.6212353770783],[4.6891906386900715,10.642358094664123],[4.697489065855913,10.667253246912809],[4.699517907281292,10.693624443830123],[4.700507855813331,10.7064799946958],[4.706541042543719,10.741180698516473],[4.714839417275104,10.77060185330114],[4.720119011501265,10.815861740409922],[4.737469344738453,10.850566914049136],[4.741995329244629,10.873196883538583],[4.732189816929133,10.897333942219683],[4.724555782497867,10.90642606868553],[4.716346625655826,10.91619601185701],[4.707637970928235,10.918296177685141],[4.702768644726562,10.924494379331598],[4.697047611667456,10.930759389632586],[4.689088081914022,10.93340814298225],[4.674435485418923,10.938388898153624],[4.665040203728278,10.939307525156517],[4.644911833702194,10.940070029214953],[4.636385978590413,10.928262344056067],[4.633367186308393,10.92449432775517],[4.626580401286135,10.91544240548321],[4.601685254703585,10.911669961929565],[4.587353719434948,10.906385915255008],[4.568491710118215,10.908651195823026],[4.553406562754591,10.915442404101796],[4.539824171384534,10.91996836394492],[4.523985442381208,10.91619593753897],[4.49229905386844,10.910916424412761],[4.471934375757637,10.903371636596134],[4.467738353185345,10.90184660796244],[4.450918582242903,10.888326595881756],[4.429086872709396,10.883934342500266],[4.412342952352839,10.888879541696678],[4.4014359253722155,10.896228162016472],[4.398006926418078,10.896580403785281],[4.379898535687967,10.900352790996779],[4.370846525984411,10.900352794280403],[4.355761349676134,10.91015831663295],[4.34746301505652,10.9116699874116],[4.343672752322463,10.911531789268452],[4.341006200258744,10.915531530696335],[4.335704376606441,10.915317498349069],[4.319370678621603,10.914666490873447],[4.310711086947728,10.920726386930133],[4.288210497656417,10.92851647009787],[4.283880680315479,10.937171603572024],[4.284745722858985,10.953616742219296],[4.288210497656417,10.980447153387932],[4.277820767648307,10.986507051519682],[4.263105741030952,10.982181795076228],[4.256180722017172,10.985642049004255],[4.238870540840337,11.007282029205104],[4.226612417091834,11.01869729245122],[4.2137702147123814,11.03065215154531],[4.18607030004239,11.032382341966985],[4.167029920399701,11.024592239168406],[4.1324049814971655,11.025457347843501],[4.100379729484654,11.02632241871131],[4.068354460358964,11.021997072087006],[3.993914252790141,11.017667319945172],[3.937653771792318,11.036712060422278],[3.8909134924456144,11.054022353357915],[3.836383112368032,11.08691269695062],[3.818448631221353,11.097895457253026],[3.793968193866517,11.112882482988999],[3.751557615752516,11.127597473066132],[3.722127579228259,11.127597509787273],[3.7232557025919837,11.125113783818033],[3.7264573395467764,11.118072878010222],[3.723857688475454,11.101627707975883],[3.7195324098948097,11.078257585390226],[3.725587856764352,11.051427128216083],[3.7212625080204056,11.044502180316869],[3.7169327267026664,11.028056960823347],[3.7203974515757636,11.022862145184897],[3.735977543725513,11.02026693653474],[3.7506925852148396,11.011607344623096],[3.759347738837156,10.996896797715628],[3.7645425926919973,10.9743916792111],[3.7714630415743646,10.925051730797362],[3.7705979824371627,10.902546702291215],[3.7610777992354882,10.872251571283888],[3.747227883346741,10.835900927484573],[3.7506925852148396,10.818586245583834],[3.769732938006365,10.789160630490048],[3.7809877270714005,10.762325809944237],[3.791372999347809,10.739820689137952],[3.8078181088552325,10.725970704144432],[3.838113226509713,10.706065339151413],[3.843383887284543,10.698881722423323],[3.845038227918086,10.674040004350307],[3.8484984789315506,10.658459958524556],[3.851098130260486,10.618640157132612],[3.851963234664154,10.594404905301941],[3.83291840232557,10.568439559708867],[3.818203414862399,10.537279372907909],[3.8026232615212736,10.485344280228368],[3.8026232615212736,10.46543882990935],[3.800028091883112,10.442064225226611],[3.7870432122485402,10.405713623687141],[3.781852807695155,10.40571361096721],[3.7705979824371623,10.41436874943081],[3.7602127616775576,10.41956362120781],[3.7307826666470003,10.433409123878166],[3.6918324783765537,10.457644306284678],[3.6814472002166276,10.452453901305873],[3.6494219220108053,10.436873831567897],[3.6364370631156127,10.42735362246715],[3.6338418073773995,10.408308866026909],[3.6312422011805645,10.384073628857388],[3.613931953660853,10.35204830685621],[3.6018121518006176,10.317423403748569],[3.5853669651340723,10.281072818538671],[3.587097100627722,10.267222850383565]]]}"
